Date,Plant,Total_Defects,Total_Units,DefectRate
2025-01-01,Plant_A,28,1045,2.67943
2025-01-02,Plant_A,29,1360,2.13235
2025-01-03,Plant_A,19,793,2.39596
2025-01-04,Plant_A,13,437,2.97483
2025-01-05,Plant_A,35,1128,3.10284
2025-01-06,Plant_A,28,1109,2.52480
2025-01-07,Plant_A,16,757,2.11361
2025-01-08,Plant_A,23,1017,2.26155
2025-01-09,Plant_A,32,1075,2.97674
2025-01-10,Plant_A,11,649,1.69492
2025-01-11,Plant_A,22,724,3.03867
2025-01-12,Plant_A,24,620,3.87097
2025-01-13,Plant_A,17,540,3.14815
2025-01-14,Plant_A,51,1404,3.63248
2025-01-15,Plant_A,35,1546,2.26391
2025-01-16,Plant_A,19,935,2.03209
2025-01-17,Plant_A,14,705,1.98582
2025-01-18,Plant_A,28,980,2.85714
2025-01-19,Plant_A,45,1453,3.09704
2025-01-20,Plant_A,21,1050,2.00000
2025-01-21,Plant_A,19,922,2.06074
2025-01-22,Plant_A,19,923,2.05850
2025-01-23,Plant_A,23,1309,1.75707
2025-01-24,Plant_A,29,894,3.24385
2025-01-25,Plant_A,27,912,2.96053
2025-01-26,Plant_A,14,668,2.09581
2025-01-27,Plant_A,17,909,1.87019
2025-01-28,Plant_A,31,1315,2.35741
2025-01-29,Plant_A,13,701,1.85449
2025-01-30,Plant_A,11,559,1.96780
2025-01-31,Plant_A,32,1412,2.26629
2025-02-01,Plant_A,19,1128,1.68440
2025-02-02,Plant_A,17,840,2.02381
2025-02-03,Plant_A,37,1705,2.17009
2025-02-04,Plant_A,17,538,3.15985
2025-02-05,Plant_A,15,665,2.25564
2025-02-06,Plant_A,10,439,2.27790
2025-02-07,Plant_A,24,574,4.18118
2025-02-08,Plant_A,14,583,2.40137
2025-02-09,Plant_A,16,814,1.96560
2025-02-10,Plant_A,42,1247,3.36808
2025-02-11,Plant_A,22,834,2.63789
2025-02-12,Plant_A,31,1144,2.70979
2025-02-13,Plant_A,48,1361,3.52682
2025-02-14,Plant_A,31,1457,2.12766
2025-02-15,Plant_A,24,1331,1.80316
2025-02-16,Plant_A,17,786,2.16285
2025-02-17,Plant_A,11,585,1.88034
2025-02-18,Plant_A,24,915,2.62295
2025-02-19,Plant_A,34,1284,2.64798
2025-02-20,Plant_A,25,1008,2.48016
2025-02-21,Plant_A,19,666,2.85285
2025-02-22,Plant_A,36,1227,2.93399
2025-02-23,Plant_A,17,854,1.99063
2025-02-24,Plant_A,17,456,3.72807
2025-02-25,Plant_A,27,1018,2.65226
2025-02-26,Plant_A,17,709,2.39774
2025-02-27,Plant_A,6,626,0.95847
2025-02-28,Plant_A,15,851,1.76263
2025-03-01,Plant_A,21,789,2.66160
2025-03-02,Plant_A,17,568,2.99296
2025-03-03,Plant_A,18,848,2.12264
2025-03-04,Plant_A,26,1402,1.85449
2025-03-05,Plant_A,13,512,2.53906
2025-03-06,Plant_A,11,488,2.25410
2025-03-07,Plant_A,16,599,2.67112
2025-03-08,Plant_A,41,1495,2.74247
2025-03-09,Plant_A,25,1028,2.43191
2025-03-10,Plant_A,34,1565,2.17252
2025-03-11,Plant_A,45,1246,3.61156
2025-03-12,Plant_A,23,1040,2.21154
2025-03-13,Plant_A,28,1070,2.61682
2025-03-14,Plant_A,18,632,2.84810
2025-03-15,Plant_A,24,963,2.49221
2025-03-16,Plant_A,28,1100,2.54545
2025-03-17,Plant_A,20,857,2.33372
2025-03-18,Plant_A,18,746,2.41287
2025-03-19,Plant_A,27,1195,2.25941
2025-03-20,Plant_A,19,859,2.21187
2025-03-21,Plant_A,31,1368,2.26608
2025-03-22,Plant_A,24,1222,1.96399
2025-03-23,Plant_A,32,1006,3.18091
2025-03-24,Plant_A,17,745,2.28188
2025-03-25,Plant_A,20,883,2.26501
2025-03-26,Plant_A,47,1226,3.83361
2025-03-27,Plant_A,24,1059,2.26629
2025-03-28,Plant_A,11,552,1.99275
2025-03-29,Plant_A,11,595,1.84874
2025-03-30,Plant_A,9,453,1.98675
2025-03-31,Plant_A,38,1167,3.25621
2025-04-01,Plant_A,20,823,2.43013
2025-04-02,Plant_A,45,1649,2.72893
2025-04-03,Plant_A,13,630,2.06349
2025-04-04,Plant_A,31,1023,3.03030
2025-04-05,Plant_A,16,637,2.51177
2025-04-06,Plant_A,16,999,1.60160
2025-04-07,Plant_A,22,1098,2.00364
2025-04-08,Plant_A,35,1627,2.15120
2025-04-09,Plant_A,25,952,2.62605
2025-04-10,Plant_A,11,896,1.22768
2025-04-11,Plant_A,21,818,2.56724
2025-04-12,Plant_A,32,1118,2.86225
2025-04-13,Plant_A,23,952,2.41597
2025-04-14,Plant_A,18,872,2.06422
2025-04-15,Plant_A,21,1066,1.96998
2025-04-16,Plant_A,23,740,3.10811
2025-04-17,Plant_A,27,1238,2.18094
2025-04-18,Plant_A,14,890,1.57303
2025-04-19,Plant_A,16,883,1.81200
2025-04-20,Plant_A,24,623,3.85233
2025-04-21,Plant_A,19,930,2.04301
2025-04-22,Plant_A,21,1177,1.78420
2025-04-23,Plant_A,8,333,2.40240
2025-04-24,Plant_A,28,1467,1.90866
2025-04-25,Plant_A,34,1000,3.40000
2025-04-26,Plant_A,29,1262,2.29794
2025-04-27,Plant_A,7,419,1.67064
2025-04-28,Plant_A,24,1135,2.11454
2025-04-29,Plant_A,15,622,2.41158
2025-04-30,Plant_A,16,720,2.22222
2025-05-01,Plant_A,40,1479,2.70453
2025-05-02,Plant_A,22,916,2.40175
2025-05-03,Plant_A,20,708,2.82486
2025-05-04,Plant_A,25,1109,2.25428
2025-05-05,Plant_A,22,947,2.32313
2025-05-06,Plant_A,30,1543,1.94426
2025-05-07,Plant_A,27,848,3.18396
2025-05-08,Plant_A,18,590,3.05085
2025-05-09,Plant_A,24,732,3.27869
2025-05-10,Plant_A,34,1043,3.25983
2025-05-11,Plant_A,27,746,3.61930
2025-05-12,Plant_A,32,1271,2.51770
2025-05-13,Plant_A,21,1047,2.00573
2025-05-14,Plant_A,21,932,2.25322
2025-05-15,Plant_A,25,988,2.53036
2025-05-16,Plant_A,12,466,2.57511
2025-05-17,Plant_A,37,1464,2.52732
2025-05-18,Plant_A,26,899,2.89210
2025-05-19,Plant_A,33,1151,2.86707
2025-05-20,Plant_A,15,673,2.22883
2025-05-21,Plant_A,15,462,3.24675
2025-05-22,Plant_A,23,540,4.25926
2025-05-23,Plant_A,24,1110,2.16216
2025-05-24,Plant_A,15,982,1.52749
2025-05-25,Plant_A,21,1063,1.97554
2025-05-26,Plant_A,22,661,3.32829
2025-05-27,Plant_A,10,590,1.69492
2025-05-28,Plant_A,26,987,2.63425
2025-05-29,Plant_A,13,605,2.14876
2025-05-30,Plant_A,26,1377,1.88816
2025-05-31,Plant_A,28,1021,2.74241
2025-06-01,Plant_A,19,838,2.26730
2025-06-02,Plant_A,30,1020,2.94118
2025-06-03,Plant_A,28,846,3.30969
2025-06-04,Plant_A,21,944,2.22458
2025-06-05,Plant_A,14,575,2.43478
2025-06-06,Plant_A,21,874,2.40275
2025-06-07,Plant_A,31,1311,2.36461
2025-06-08,Plant_A,35,1319,2.65353
2025-06-09,Plant_A,34,1227,2.77099
2025-06-10,Plant_A,12,914,1.31291
2025-06-11,Plant_A,31,1296,2.39198
2025-06-12,Plant_A,28,948,2.95359
2025-06-13,Plant_A,18,720,2.50000
2025-06-14,Plant_A,33,1049,3.14585
2025-06-15,Plant_A,18,532,3.38346
2025-06-16,Plant_A,42,1430,2.93706
2025-06-17,Plant_A,31,1311,2.36461
2025-06-18,Plant_A,28,1337,2.09424
2025-06-19,Plant_A,20,1295,1.54440
2025-06-20,Plant_A,11,710,1.54930
2025-06-21,Plant_A,22,1169,1.88195
2025-06-22,Plant_A,21,1296,1.62037
2025-06-23,Plant_A,18,1349,1.33432
2025-06-24,Plant_A,11,679,1.62003
2025-06-25,Plant_A,30,1022,2.93542
2025-06-26,Plant_A,26,1206,2.15589
2025-06-27,Plant_A,27,1100,2.45455
2025-06-28,Plant_A,33,822,4.01460
2025-06-29,Plant_A,18,995,1.80905
2025-06-30,Plant_A,25,1041,2.40154
2025-07-01,Plant_A,29,926,3.13175
2025-07-02,Plant_A,22,1115,1.97309
2025-07-03,Plant_A,29,901,3.21865
2025-07-04,Plant_A,15,1030,1.45631
2025-07-05,Plant_A,15,544,2.75735
2025-07-06,Plant_A,21,893,2.35162
2025-07-07,Plant_A,22,1040,2.11538
2025-07-08,Plant_A,25,1015,2.46305
2025-07-09,Plant_A,23,1310,1.75573
2025-07-10,Plant_A,25,934,2.67666
2025-07-11,Plant_A,37,1134,3.26279
2025-07-12,Plant_A,25,1087,2.29991
2025-07-13,Plant_A,31,883,3.51076
2025-07-14,Plant_A,21,876,2.39726
2025-07-15,Plant_A,15,947,1.58395
2025-07-16,Plant_A,16,840,1.90476
2025-07-17,Plant_A,18,728,2.47253
2025-07-18,Plant_A,35,1355,2.58303
2025-07-19,Plant_A,18,817,2.20318
2025-07-20,Plant_A,38,1411,2.69313
2025-07-21,Plant_A,42,1986,2.11480
2025-07-22,Plant_A,23,1189,1.93440
2025-07-23,Plant_A,23,694,3.31412
2025-07-24,Plant_A,16,740,2.16216
2025-07-25,Plant_A,23,956,2.40586
2025-07-26,Plant_A,24,1351,1.77646
2025-07-27,Plant_A,12,690,1.73913
2025-07-28,Plant_A,26,1071,2.42764
2025-07-29,Plant_A,31,1399,2.21587
2025-07-30,Plant_A,14,383,3.65535
2025-07-31,Plant_A,43,1539,2.79402
2025-08-01,Plant_A,31,1026,3.02144
2025-08-02,Plant_A,9,544,1.65441
2025-08-03,Plant_A,18,733,2.45566
2025-08-04,Plant_A,20,682,2.93255
2025-08-05,Plant_A,26,1321,1.96821
2025-08-06,Plant_A,16,669,2.39163
2025-08-07,Plant_A,23,515,4.46602
2025-08-08,Plant_A,26,1045,2.48804
2025-08-09,Plant_A,32,948,3.37553
2025-08-10,Plant_A,29,964,3.00830
2025-08-11,Plant_A,19,1036,1.83398
2025-08-12,Plant_A,21,567,3.70370
2025-08-13,Plant_A,26,1202,2.16306
2025-08-14,Plant_A,22,1142,1.92644
2025-08-15,Plant_A,27,1333,2.02551
2025-08-16,Plant_A,33,1265,2.60870
2025-08-17,Plant_A,28,1159,2.41588
2025-08-18,Plant_A,21,1234,1.70178
2025-08-19,Plant_A,20,1276,1.56740
2025-08-20,Plant_A,30,1024,2.92969
2025-08-21,Plant_A,19,826,2.30024
2025-08-22,Plant_A,24,886,2.70880
2025-08-23,Plant_A,26,1119,2.32350
2025-08-24,Plant_A,44,1616,2.72277
2025-08-25,Plant_A,18,749,2.40320
2025-08-26,Plant_A,17,689,2.46734
2025-08-27,Plant_A,36,1574,2.28717
2025-08-28,Plant_A,27,1389,1.94384
2025-08-29,Plant_A,17,617,2.75527
2025-08-30,Plant_A,14,720,1.94444
2025-08-31,Plant_A,15,1174,1.27768
2025-09-01,Plant_A,20,785,2.54777
2025-09-02,Plant_A,10,501,1.99601
2025-09-03,Plant_A,24,578,4.15225
2025-09-04,Plant_A,27,1431,1.88679
2025-09-05,Plant_A,33,1465,2.25256
2025-09-06,Plant_A,15,1149,1.30548
2025-09-07,Plant_A,18,490,3.67347
2025-09-08,Plant_A,34,1292,2.63158
2025-09-09,Plant_A,18,1037,1.73578
2025-09-10,Plant_A,5,237,2.10970
2025-09-11,Plant_A,27,1136,2.37676
2025-09-12,Plant_A,21,762,2.75591
2025-09-13,Plant_A,12,895,1.34078
2025-09-14,Plant_A,30,1543,1.94426
2025-09-15,Plant_A,7,336,2.08333
2025-09-16,Plant_A,32,1514,2.11361
2025-09-17,Plant_A,28,1165,2.40343
2025-09-18,Plant_A,38,1241,3.06205
2025-09-19,Plant_A,21,1015,2.06897
2025-09-20,Plant_A,44,1607,2.73802
2025-09-21,Plant_A,33,1169,2.82293
2025-09-22,Plant_A,6,344,1.74419
2025-09-23,Plant_A,37,1098,3.36976
2025-09-24,Plant_A,22,956,2.30126
2025-09-25,Plant_A,27,1262,2.13946
2025-09-26,Plant_A,13,537,2.42086
2025-09-27,Plant_A,25,1014,2.46548
2025-09-28,Plant_A,20,888,2.25225
2025-09-29,Plant_A,23,860,2.67442
2025-09-30,Plant_A,30,1199,2.50209
2025-10-01,Plant_A,21,824,2.54854
2025-10-02,Plant_A,20,927,2.15750
2025-10-03,Plant_A,28,1189,2.35492
2025-10-04,Plant_A,20,1088,1.83824
2025-10-05,Plant_A,20,932,2.14592
2025-10-06,Plant_A,16,1100,1.45455
2025-10-07,Plant_A,20,917,2.18103
2025-10-08,Plant_A,27,1025,2.63415
2025-10-09,Plant_A,27,909,2.97030
2025-10-10,Plant_A,5,463,1.07991
2025-10-11,Plant_A,39,1321,2.95231
2025-10-12,Plant_A,24,793,3.02648
2025-10-13,Plant_A,25,1168,2.14041
2025-10-14,Plant_A,22,1170,1.88034
2025-10-15,Plant_A,35,1370,2.55474
2025-10-16,Plant_A,29,757,3.83091
2025-10-17,Plant_A,18,612,2.94118
2025-10-18,Plant_A,19,1267,1.49961
2025-10-19,Plant_A,8,571,1.40105
2025-10-20,Plant_A,16,739,2.16509
2025-10-21,Plant_A,24,827,2.90206
2025-10-22,Plant_A,22,1418,1.55148
2025-10-23,Plant_A,19,933,2.03644
2025-10-24,Plant_A,19,815,2.33129
2025-10-25,Plant_A,29,1497,1.93721
2025-10-26,Plant_A,33,1268,2.60252
2025-10-27,Plant_A,25,830,3.01205
2025-10-28,Plant_A,22,1014,2.16963
2025-10-29,Plant_A,6,461,1.30152
2025-10-30,Plant_A,8,709,1.12835
2025-10-31,Plant_A,15,742,2.02156
2025-11-01,Plant_A,30,898,3.34076
2025-11-02,Plant_A,32,1114,2.87253
2025-11-03,Plant_A,20,729,2.74348
2025-11-04,Plant_A,17,983,1.72940
2025-11-05,Plant_A,21,795,2.64151
2025-11-06,Plant_A,18,680,2.64706
2025-11-07,Plant_A,28,1026,2.72904
2025-11-08,Plant_A,20,892,2.24215
2025-11-09,Plant_A,24,1092,2.19780
2025-11-10,Plant_A,26,1104,2.35507
2025-11-11,Plant_A,24,1061,2.26202
2025-11-12,Plant_A,25,1248,2.00321
2025-11-13,Plant_A,35,1452,2.41047
2025-11-14,Plant_A,17,884,1.92308
2025-11-15,Plant_A,34,1224,2.77778
2025-11-16,Plant_A,39,1754,2.22349
2025-11-17,Plant_A,36,1147,3.13862
2025-11-18,Plant_A,28,1199,2.33528
2025-11-19,Plant_A,27,1238,2.18094
2025-11-20,Plant_A,39,1428,2.73109
2025-11-21,Plant_A,24,1275,1.88235
2025-11-22,Plant_A,13,442,2.94118
2025-11-23,Plant_A,19,934,2.03426
2025-11-24,Plant_A,25,1054,2.37192
2025-11-25,Plant_A,22,937,2.34792
2025-11-26,Plant_A,25,679,3.68189
2025-11-27,Plant_A,17,747,2.27577
2025-11-28,Plant_A,9,511,1.76125
2025-11-29,Plant_A,20,899,2.22469
2025-11-30,Plant_A,19,859,2.21187
2025-12-01,Plant_A,22,609,3.61248
2025-12-02,Plant_A,27,1255,2.15139
2025-12-03,Plant_A,11,624,1.76282
2025-12-04,Plant_A,30,1176,2.55102
2025-12-05,Plant_A,11,275,4.00000
2025-12-06,Plant_A,26,1252,2.07668
2025-12-07,Plant_A,18,812,2.21675
2025-12-08,Plant_A,35,1280,2.73438
2025-12-09,Plant_A,33,1516,2.17678
2025-12-10,Plant_A,31,1451,2.13646
2025-12-11,Plant_A,25,855,2.92398
2025-12-12,Plant_A,33,1255,2.62948
2025-12-13,Plant_A,28,1021,2.74241
2025-12-14,Plant_A,24,993,2.41692
2025-12-15,Plant_A,32,1110,2.88288
2025-12-16,Plant_A,29,873,3.32188
2025-12-17,Plant_A,27,1232,2.19156
2025-12-18,Plant_A,24,1339,1.79238
2025-12-19,Plant_A,13,360,3.61111
2025-12-20,Plant_A,22,1098,2.00364
2025-12-21,Plant_A,24,1238,1.93861
2025-12-22,Plant_A,26,623,4.17335
2025-12-23,Plant_A,22,985,2.23350
2025-12-24,Plant_A,17,814,2.08845
2025-12-25,Plant_A,27,1165,2.31760
2025-12-26,Plant_A,16,464,3.44828
2025-12-27,Plant_A,13,634,2.05047
2025-12-28,Plant_A,30,974,3.08008
2025-12-29,Plant_A,20,1115,1.79372
2025-12-30,Plant_A,23,1126,2.04263
2025-12-31,Plant_A,22,1143,1.92476
2026-01-01,Plant_A,23,1226,1.87602
2026-01-02,Plant_A,13,574,2.26481
2026-01-03,Plant_A,32,1184,2.70270
2026-01-04,Plant_A,22,922,2.38612
2026-01-05,Plant_A,15,924,1.62338
2026-01-06,Plant_A,17,1175,1.44681
2026-01-07,Plant_A,27,967,2.79214
2026-01-08,Plant_A,31,815,3.80368
2026-01-09,Plant_A,12,537,2.23464
2026-01-10,Plant_A,21,852,2.46479
2026-01-11,Plant_A,20,684,2.92398
2026-01-12,Plant_A,17,745,2.28188
2026-01-13,Plant_A,23,1308,1.75841
2026-01-14,Plant_A,26,1386,1.87590
2026-01-15,Plant_A,41,1244,3.29582
2026-01-16,Plant_A,11,496,2.21774
2026-01-17,Plant_A,42,1755,2.39316
2026-01-18,Plant_A,28,829,3.37756
2026-01-19,Plant_A,21,1058,1.98488
2026-01-20,Plant_A,14,971,1.44181
2026-01-21,Plant_A,30,1156,2.59516
2026-01-22,Plant_A,20,815,2.45399
2026-01-23,Plant_A,14,740,1.89189
2026-01-24,Plant_A,27,936,2.88462
2026-01-25,Plant_A,31,964,3.21577
2026-01-26,Plant_A,34,834,4.07674
2026-01-27,Plant_A,26,1105,2.35294
2026-01-28,Plant_A,20,787,2.54130
2026-01-29,Plant_A,16,508,3.14961
2026-01-30,Plant_A,16,849,1.88457
2026-01-31,Plant_A,35,1477,2.36967
2026-02-01,Plant_A,21,856,2.45327
2026-02-02,Plant_A,30,867,3.46021
2026-02-03,Plant_A,28,1418,1.97461
2026-02-04,Plant_A,40,1188,3.36700
2026-02-05,Plant_A,37,1242,2.97907
2026-02-06,Plant_A,13,798,1.62907
2026-02-07,Plant_A,28,908,3.08370
2026-02-08,Plant_A,13,682,1.90616
2026-02-09,Plant_A,20,1235,1.61943
2026-02-10,Plant_A,23,1252,1.83706
2026-02-11,Plant_A,22,1368,1.60819
2026-02-12,Plant_A,26,1011,2.57171
2026-02-13,Plant_A,21,1252,1.67732
2026-02-14,Plant_A,7,818,0.85575
2026-02-15,Plant_A,21,985,2.13198
2026-02-16,Plant_A,31,1129,2.74579
2026-02-17,Plant_A,30,1487,2.01748
2026-02-18,Plant_A,27,805,3.35404
2026-02-19,Plant_A,15,884,1.69683
2026-02-20,Plant_A,18,766,2.34987
2026-02-21,Plant_A,34,1275,2.66667
2026-02-22,Plant_A,11,770,1.42857
2026-02-23,Plant_A,11,351,3.13390
2026-02-24,Plant_A,15,385,3.89610
2026-02-25,Plant_A,15,821,1.82704
2026-02-26,Plant_A,18,863,2.08575
2026-02-27,Plant_A,34,1200,2.83333
2026-02-28,Plant_A,31,974,3.18275
2026-03-01,Plant_A,42,1632,2.57353
2026-03-02,Plant_A,38,1307,2.90742
2026-03-03,Plant_A,11,669,1.64425
2026-03-04,Plant_A,30,801,3.74532
2026-03-05,Plant_A,25,1007,2.48262
2026-03-06,Plant_A,8,402,1.99005
2026-03-07,Plant_A,14,814,1.71990
2026-03-08,Plant_A,24,1124,2.13523
2026-03-09,Plant_A,17,893,1.90370
2026-03-10,Plant_A,17,599,2.83806
2026-03-11,Plant_A,31,1483,2.09036
2026-03-12,Plant_A,14,922,1.51844
2026-03-13,Plant_A,31,1476,2.10027
2026-03-14,Plant_A,26,912,2.85088
2026-03-15,Plant_A,29,984,2.94715
2026-03-16,Plant_A,39,1345,2.89963
2026-03-17,Plant_A,22,1098,2.00364
2026-03-18,Plant_A,30,1426,2.10379
2026-03-19,Plant_A,22,848,2.59434
2026-03-20,Plant_A,30,985,3.04569
2026-03-21,Plant_A,27,832,3.24519
2026-03-22,Plant_A,11,276,3.98551
2026-03-23,Plant_A,14,644,2.17391
2026-03-24,Plant_A,29,1279,2.26740
2026-03-25,Plant_A,11,439,2.50569
2026-03-26,Plant_A,23,1001,2.29770
2026-03-27,Plant_A,20,1184,1.68919
2026-03-28,Plant_A,36,1235,2.91498
2026-03-29,Plant_A,16,873,1.83276
2026-03-30,Plant_A,24,778,3.08483
2026-03-31,Plant_A,14,884,1.58371
2026-04-01,Plant_A,16,703,2.27596
2026-04-02,Plant_A,10,776,1.28866
2026-04-03,Plant_A,30,894,3.35570
2026-04-04,Plant_A,18,514,3.50195
2026-04-05,Plant_A,8,864,0.92593
2026-04-06,Plant_A,40,1442,2.77393
2026-04-07,Plant_A,33,1164,2.83505
2026-04-08,Plant_A,25,926,2.69978
2026-04-09,Plant_A,26,1491,1.74380
2026-04-10,Plant_A,12,685,1.75182
2026-04-11,Plant_A,27,1182,2.28426
2026-04-12,Plant_A,18,829,2.17129
2026-04-13,Plant_A,36,908,3.96476
2026-04-14,Plant_A,24,1211,1.98183
2026-04-15,Plant_A,19,1269,1.49724
2026-04-16,Plant_A,9,307,2.93160
2026-04-17,Plant_A,28,1401,1.99857
2026-04-18,Plant_A,33,1669,1.97723
2026-04-19,Plant_A,22,1622,1.35635
2026-04-20,Plant_A,21,897,2.34114
2026-04-21,Plant_A,15,768,1.95313
2026-04-22,Plant_A,10,312,3.20513
2026-04-23,Plant_A,14,484,2.89256
2026-04-24,Plant_A,39,1396,2.79370
2026-04-25,Plant_A,25,861,2.90360
2026-04-26,Plant_A,9,637,1.41287
2026-04-27,Plant_A,24,1279,1.87647
2026-04-28,Plant_A,20,884,2.26244
2026-04-29,Plant_A,16,867,1.84544
2026-04-30,Plant_A,15,628,2.38854
2026-05-01,Plant_A,28,1495,1.87291
2026-05-02,Plant_A,27,878,3.07517
2026-05-03,Plant_A,28,1200,2.33333
2026-05-04,Plant_A,48,1540,3.11688
2026-05-05,Plant_A,16,780,2.05128
2026-05-06,Plant_A,30,1007,2.97915
2026-05-07,Plant_A,25,953,2.62329
2026-05-08,Plant_A,31,1074,2.88641
2026-05-09,Plant_A,39,1207,3.23115
2026-05-10,Plant_A,19,882,2.15420
2026-05-11,Plant_A,24,784,3.06122
2026-05-12,Plant_A,32,690,4.63768
2026-05-13,Plant_A,17,610,2.78689
2026-05-14,Plant_A,33,1451,2.27429
2026-05-15,Plant_A,28,932,3.00429
2026-05-16,Plant_A,35,1262,2.77338
2026-05-17,Plant_A,20,985,2.03046
2026-05-18,Plant_A,22,893,2.46361
2026-05-19,Plant_A,29,868,3.34101
2026-05-20,Plant_A,17,1120,1.51786
2026-05-21,Plant_A,34,1423,2.38932
2026-05-22,Plant_A,19,707,2.68741
2026-05-23,Plant_A,28,924,3.03030
2026-05-24,Plant_A,37,1331,2.77986
2026-05-25,Plant_A,22,940,2.34043
2026-05-26,Plant_A,47,1169,4.02053
2026-05-27,Plant_A,12,769,1.56047
2026-05-28,Plant_A,22,837,2.62843
2026-05-29,Plant_A,34,1187,2.86436
2026-05-30,Plant_A,30,1027,2.92113
2026-05-31,Plant_A,35,1238,2.82714
2026-06-01,Plant_A,31,1092,2.83883
2026-06-02,Plant_A,22,873,2.52005
2026-06-03,Plant_A,9,613,1.46819
2026-06-04,Plant_A,26,883,2.94451
2026-06-05,Plant_A,28,879,3.18544
2026-06-06,Plant_A,31,1556,1.99229
2026-06-07,Plant_A,29,1300,2.23077
2026-06-08,Plant_A,42,1632,2.57353
2026-06-09,Plant_A,29,1320,2.19697
2026-06-10,Plant_A,7,203,3.44828
2026-06-11,Plant_A,24,1170,2.05128
2026-06-12,Plant_A,26,952,2.73109
2026-06-13,Plant_A,5,263,1.90114
2026-06-14,Plant_A,29,1354,2.14180
2026-06-15,Plant_A,29,1490,1.94631
2026-06-16,Plant_A,34,787,4.32020
2026-06-17,Plant_A,27,1202,2.24626
2026-06-18,Plant_A,41,1246,3.29053
2026-06-19,Plant_A,28,1047,2.67431
2026-06-20,Plant_A,33,1391,2.37239
2026-06-21,Plant_A,23,1273,1.80676
2026-06-22,Plant_A,23,1165,1.97425
2026-06-23,Plant_A,31,958,3.23591
2026-06-24,Plant_A,23,894,2.57271
2026-06-25,Plant_A,34,1761,1.93072
2026-06-26,Plant_A,16,796,2.01005
2026-06-27,Plant_A,26,880,2.95455
2026-06-28,Plant_A,18,959,1.87696
2026-06-29,Plant_A,15,608,2.46711
2026-06-30,Plant_A,36,1530,2.35294
2026-07-01,Plant_A,26,902,2.88248
2026-07-02,Plant_A,12,838,1.43198
2026-07-03,Plant_A,19,968,1.96281
2026-07-04,Plant_A,29,1205,2.40664
2026-07-05,Plant_A,31,1227,2.52649
2026-07-06,Plant_A,25,1287,1.94250
2026-07-07,Plant_A,32,1259,2.54170
2026-07-08,Plant_A,20,1114,1.79533
2026-07-09,Plant_A,22,805,2.73292
2026-07-10,Plant_A,39,1577,2.47305
2026-07-11,Plant_A,27,1193,2.26320
2026-07-12,Plant_A,26,884,2.94118
2026-07-13,Plant_A,17,802,2.11970
2026-07-14,Plant_A,19,709,2.67983
2026-07-15,Plant_A,24,797,3.01129
2026-07-16,Plant_A,37,989,3.74115
2026-07-17,Plant_A,3,139,2.15827
2026-07-18,Plant_A,14,780,1.79487
2026-07-19,Plant_A,13,798,1.62907
2026-07-20,Plant_A,39,1655,2.35650
2026-07-21,Plant_A,27,1125,2.40000
2026-07-22,Plant_A,20,1070,1.86916
2026-07-23,Plant_A,37,1425,2.59649
2026-07-24,Plant_A,24,854,2.81030
2026-07-25,Plant_A,30,1348,2.22552
2026-07-26,Plant_A,17,954,1.78197
2026-07-27,Plant_A,18,748,2.40642
2026-07-28,Plant_A,40,1761,2.27144
2026-07-29,Plant_A,32,1292,2.47678
2026-07-30,Plant_A,21,1027,2.04479
2026-07-31,Plant_A,41,930,4.40860
2026-08-01,Plant_A,27,1053,2.56410
2026-08-02,Plant_A,14,463,3.02376
2026-08-03,Plant_A,12,684,1.75439
2026-08-04,Plant_A,13,651,1.99693
2026-08-05,Plant_A,42,1299,3.23326
2026-08-06,Plant_A,32,1153,2.77537
2026-08-07,Plant_A,36,1051,3.42531
2026-08-08,Plant_A,17,593,2.86678
2026-08-09,Plant_A,33,1232,2.67857
2026-08-10,Plant_A,30,1049,2.85987
2026-08-11,Plant_A,29,1140,2.54386
2026-08-12,Plant_A,21,904,2.32301
2026-08-13,Plant_A,23,987,2.33029
2026-08-14,Plant_A,29,1034,2.80464
2026-08-15,Plant_A,32,1407,2.27434
2026-08-16,Plant_A,37,1404,2.63533
2026-08-17,Plant_A,24,1121,2.14095
2026-08-18,Plant_A,34,1344,2.52976
2026-08-19,Plant_A,31,1103,2.81052
2026-08-20,Plant_A,29,1229,2.35964
2026-08-21,Plant_A,32,1770,1.80791
2026-08-22,Plant_A,14,1159,1.20794
2026-08-23,Plant_A,26,942,2.76008
2026-08-24,Plant_A,18,1249,1.44115
2026-08-25,Plant_A,33,1552,2.12629
2026-08-26,Plant_A,16,930,1.72043
2026-08-27,Plant_A,14,1031,1.35790
2026-08-28,Plant_A,14,719,1.94715
2026-08-29,Plant_A,23,1159,1.98447
2026-08-30,Plant_A,23,983,2.33978
2026-08-31,Plant_A,45,1677,2.68336
2026-09-01,Plant_A,18,720,2.50000
2026-09-02,Plant_A,23,944,2.43644
2026-09-03,Plant_A,12,664,1.80723
2026-09-04,Plant_A,11,827,1.33011
2026-09-05,Plant_A,23,814,2.82555
2026-09-06,Plant_A,42,1903,2.20704
2026-09-07,Plant_A,11,593,1.85497
2026-09-08,Plant_A,33,1544,2.13731
2026-09-09,Plant_A,18,839,2.14541
2026-09-10,Plant_A,13,422,3.08057
2026-09-11,Plant_A,27,987,2.73556
2026-09-12,Plant_A,18,807,2.23048
2026-09-13,Plant_A,32,993,3.22256
2026-09-14,Plant_A,26,1007,2.58193
2026-09-15,Plant_A,41,1618,2.53399
2026-09-16,Plant_A,23,944,2.43644
2026-09-17,Plant_A,15,1007,1.48957
2026-09-18,Plant_A,12,891,1.34680
2026-09-19,Plant_A,21,617,3.40357
2026-09-20,Plant_A,38,1343,2.82949
2026-09-21,Plant_A,31,1318,2.35205
2026-09-22,Plant_A,24,655,3.66412
2026-09-23,Plant_A,24,1293,1.85615
2026-09-24,Plant_A,28,753,3.71846
2026-09-25,Plant_A,28,1252,2.23642
2026-09-26,Plant_A,23,991,2.32089
2026-09-27,Plant_A,28,822,3.40633
2026-09-28,Plant_A,28,1593,1.75769
2026-09-29,Plant_A,30,1180,2.54237
2026-09-30,Plant_A,29,1000,2.90000
2026-10-01,Plant_A,12,357,3.36134
2026-10-02,Plant_A,34,1116,3.04659
2026-10-03,Plant_A,30,1199,2.50209
2026-10-04,Plant_A,13,914,1.42232
2026-10-05,Plant_A,35,1186,2.95110
2026-10-06,Plant_A,33,1340,2.46269
2026-10-07,Plant_A,9,729,1.23457
2026-10-08,Plant_A,21,852,2.46479
2026-10-09,Plant_A,31,1009,3.07235
2026-10-10,Plant_A,11,616,1.78571
2026-10-11,Plant_A,17,710,2.39437
2026-10-12,Plant_A,28,1223,2.28945
2026-10-13,Plant_A,38,1287,2.95260
2026-10-14,Plant_A,34,1711,1.98714
2026-10-15,Plant_A,13,559,2.32558
2026-10-16,Plant_A,32,1261,2.53767
2026-10-17,Plant_A,23,1017,2.26155
2026-10-18,Plant_A,27,1019,2.64966
2026-10-19,Plant_A,23,830,2.77108
2026-10-20,Plant_A,30,1152,2.60417
2026-10-21,Plant_A,17,611,2.78232
2026-10-22,Plant_A,15,693,2.16450
2026-10-23,Plant_A,40,1377,2.90487
2026-10-24,Plant_A,14,851,1.64512
2026-10-25,Plant_A,30,1248,2.40385
2026-10-26,Plant_A,25,1052,2.37643
2026-10-27,Plant_A,28,1359,2.06034
2026-10-28,Plant_A,22,963,2.28453
2026-10-29,Plant_A,29,1282,2.26209
2026-10-30,Plant_A,13,445,2.92135
2026-10-31,Plant_A,27,1351,1.99852
2026-11-01,Plant_A,30,1027,2.92113
2026-11-02,Plant_A,30,1170,2.56410
2026-11-03,Plant_A,17,638,2.66458
2026-11-04,Plant_A,30,1292,2.32198
2026-11-05,Plant_A,18,1078,1.66976
2026-11-06,Plant_A,28,1031,2.71581
2026-11-07,Plant_A,19,883,2.15176
2026-11-08,Plant_A,25,744,3.36022
2026-11-09,Plant_A,29,1277,2.27095
2026-11-10,Plant_A,12,731,1.64159
2026-11-11,Plant_A,15,570,2.63158
2026-11-12,Plant_A,6,128,4.68750
2026-11-13,Plant_A,16,727,2.20083
2026-11-14,Plant_A,34,1240,2.74194
2026-11-15,Plant_A,40,1296,3.08642
2026-11-16,Plant_A,25,1219,2.05086
2026-11-17,Plant_A,34,1184,2.87162
2026-11-18,Plant_A,20,1066,1.87617
2026-11-19,Plant_A,19,1068,1.77903
2026-11-20,Plant_A,28,1024,2.73438
2026-11-21,Plant_A,26,1313,1.98020
2026-11-22,Plant_A,37,1280,2.89063
2026-11-23,Plant_A,26,1103,2.35721
2026-11-24,Plant_A,32,1225,2.61224
2026-11-25,Plant_A,28,1110,2.52252
2026-11-26,Plant_A,14,396,3.53535
2026-11-27,Plant_A,27,1482,1.82186
2026-11-28,Plant_A,18,913,1.97152
2026-11-29,Plant_A,22,1101,1.99818
2026-11-30,Plant_A,29,926,3.13175
2026-12-01,Plant_A,41,1195,3.43096
2026-12-02,Plant_A,26,1005,2.58706
2026-12-03,Plant_A,21,717,2.92887
2026-12-04,Plant_A,20,1094,1.82815
2026-12-05,Plant_A,22,837,2.62843
2026-12-06,Plant_A,24,1138,2.10896
2026-12-07,Plant_A,33,1365,2.41758
2026-12-08,Plant_A,15,988,1.51822
2026-12-09,Plant_A,22,1146,1.91972
2026-12-10,Plant_A,20,903,2.21484
2026-12-11,Plant_A,31,984,3.15041
2026-12-12,Plant_A,9,665,1.35338
2026-12-13,Plant_A,22,935,2.35294
2026-12-14,Plant_A,23,640,3.59375
2026-12-15,Plant_A,9,325,2.76923
2026-12-16,Plant_A,17,700,2.42857
2026-12-17,Plant_A,23,803,2.86426
2026-12-18,Plant_A,29,993,2.92044
2026-12-19,Plant_A,7,157,4.45860
2026-12-20,Plant_A,39,1143,3.41207
2026-12-21,Plant_A,33,991,3.32997
2026-12-22,Plant_A,18,859,2.09546
2026-12-23,Plant_A,31,1146,2.70506
2026-12-24,Plant_A,19,620,3.06452
2026-12-25,Plant_A,21,1007,2.08540
2026-12-26,Plant_A,20,768,2.60417
2026-12-27,Plant_A,28,1763,1.58820
2026-12-28,Plant_A,33,1354,2.43722
2026-12-29,Plant_A,45,1495,3.01003
2026-12-30,Plant_A,38,1523,2.49508
2026-12-31,Plant_A,16,1086,1.47330
2027-01-01,Plant_A,27,828,3.26087
2027-01-02,Plant_A,20,998,2.00401
2027-01-03,Plant_A,37,1179,3.13825
2027-01-04,Plant_A,20,875,2.28571
2027-01-05,Plant_A,33,1096,3.01095
2027-01-06,Plant_A,24,988,2.42915
2027-01-07,Plant_A,29,1074,2.70019
2027-01-08,Plant_A,22,543,4.05157
2027-01-09,Plant_A,34,1346,2.52600
2027-01-10,Plant_A,35,1521,2.30112
2027-01-11,Plant_A,27,1333,2.02551
2027-01-12,Plant_A,17,606,2.80528
2027-01-13,Plant_A,6,477,1.25786
2027-01-14,Plant_A,41,1193,3.43671
2027-01-15,Plant_A,24,696,3.44828
2027-01-16,Plant_A,23,1399,1.64403
2027-01-17,Plant_A,28,1092,2.56410
2027-01-18,Plant_A,8,533,1.50094
2027-01-19,Plant_A,25,1424,1.75562
2027-01-20,Plant_A,23,1070,2.14953
2027-01-21,Plant_A,17,841,2.02140
2027-01-22,Plant_A,27,1002,2.69461
2027-01-23,Plant_A,16,1319,1.21304
2027-01-24,Plant_A,30,1205,2.48963
2027-01-25,Plant_A,32,1085,2.94931
2027-01-26,Plant_A,26,1122,2.31729
2027-01-27,Plant_A,27,963,2.80374
2027-01-28,Plant_A,21,872,2.40826
2027-01-29,Plant_A,27,1025,2.63415
2027-01-30,Plant_A,25,654,3.82263
2027-01-31,Plant_A,36,1144,3.14685
2027-02-01,Plant_A,26,961,2.70552
2027-02-02,Plant_A,16,761,2.10250
2027-02-03,Plant_A,34,1485,2.28956
2027-02-04,Plant_A,21,809,2.59580
2027-02-05,Plant_A,22,739,2.97700
2027-02-06,Plant_A,17,1014,1.67653
2027-02-07,Plant_A,32,1040,3.07692
2027-02-08,Plant_A,19,1034,1.83752
2027-02-09,Plant_A,27,1112,2.42806
2027-02-10,Plant_A,10,555,1.80180
2027-02-11,Plant_A,29,1376,2.10756
2027-02-12,Plant_A,17,936,1.81624
2027-02-13,Plant_A,16,638,2.50784
2027-02-14,Plant_A,24,1506,1.59363
2027-02-15,Plant_A,42,1550,2.70968
2027-02-16,Plant_A,12,805,1.49068
2027-02-17,Plant_A,18,828,2.17391
2027-02-18,Plant_A,18,865,2.08092
2027-02-19,Plant_A,27,1289,2.09465
2027-02-20,Plant_A,16,769,2.08062
2027-02-21,Plant_A,27,944,2.86017
2027-02-22,Plant_A,26,1089,2.38751
2027-02-23,Plant_A,38,1224,3.10458
2027-02-24,Plant_A,36,1885,1.90981
2027-02-25,Plant_A,29,689,4.20900
2027-02-26,Plant_A,31,1300,2.38462
2027-02-27,Plant_A,19,947,2.00634
2027-02-28,Plant_A,29,1068,2.71536
2027-03-01,Plant_A,17,759,2.23979
2027-03-02,Plant_A,20,1008,1.98413
2027-03-03,Plant_A,38,1638,2.31990
2027-03-04,Plant_A,22,611,3.60065
2027-03-05,Plant_A,24,965,2.48705
2027-03-06,Plant_A,5,158,3.16456
2027-03-07,Plant_A,20,710,2.81690
2027-03-08,Plant_A,23,1038,2.21580
2027-03-09,Plant_A,17,1005,1.69154
2027-03-10,Plant_A,27,975,2.76923
2027-03-11,Plant_A,18,749,2.40320
2027-03-12,Plant_A,22,946,2.32558
2027-03-13,Plant_A,32,1043,3.06807
2027-03-14,Plant_A,22,1267,1.73639
2027-03-15,Plant_A,32,1370,2.33577
2027-03-16,Plant_A,16,1011,1.58259
2027-03-17,Plant_A,15,1013,1.48075
2027-03-18,Plant_A,21,1087,1.93192
2027-03-19,Plant_A,18,794,2.26700
2027-03-20,Plant_A,10,557,1.79533
2027-03-21,Plant_A,19,776,2.44845
2027-03-22,Plant_A,24,986,2.43408
2027-03-23,Plant_A,35,1032,3.39147
2027-03-24,Plant_A,22,1034,2.12766
2027-03-25,Plant_A,26,1054,2.46679
2027-03-26,Plant_A,42,1807,2.32429
2027-03-27,Plant_A,10,604,1.65563
2027-03-28,Plant_A,22,1238,1.77706
2027-03-29,Plant_A,31,1209,2.56410
2027-03-30,Plant_A,20,1205,1.65975
2027-03-31,Plant_A,31,1054,2.94118
2027-04-01,Plant_A,18,599,3.00501
2027-04-02,Plant_A,41,1560,2.62821
2027-04-03,Plant_A,33,1287,2.56410
2027-04-04,Plant_A,21,1188,1.76768
2027-04-05,Plant_A,26,987,2.63425
2027-04-06,Plant_A,29,1070,2.71028
2027-04-07,Plant_A,37,1312,2.82012
2027-04-08,Plant_A,34,1507,2.25614
2027-04-09,Plant_A,18,940,1.91489
2027-04-10,Plant_A,30,1095,2.73973
2027-04-11,Plant_A,25,1220,2.04918
2027-04-12,Plant_A,11,355,3.09859
2027-04-13,Plant_A,26,863,3.01275
2027-04-14,Plant_A,9,348,2.58621
2025-01-01,Plant_B,29,937,3.09498
2025-01-02,Plant_B,12,608,1.97368
2025-01-03,Plant_B,35,1094,3.19927
2025-01-04,Plant_B,23,1180,1.94915
2025-01-05,Plant_B,26,1346,1.93165
2025-01-06,Plant_B,21,1005,2.08955
2025-01-07,Plant_B,20,585,3.41880
2025-01-08,Plant_B,25,813,3.07503
2025-01-09,Plant_B,29,947,3.06230
2025-01-10,Plant_B,31,1419,2.18464
2025-01-11,Plant_B,27,1015,2.66010
2025-01-12,Plant_B,36,1169,3.07956
2025-01-13,Plant_B,41,1067,3.84255
2025-01-14,Plant_B,11,541,2.03327
2025-01-15,Plant_B,10,289,3.46021
2025-01-16,Plant_B,17,853,1.99297
2025-01-17,Plant_B,46,1789,2.57127
2025-01-18,Plant_B,16,943,1.69671
2025-01-19,Plant_B,16,739,2.16509
2025-01-20,Plant_B,23,661,3.47958
2025-01-21,Plant_B,27,1068,2.52809
2025-01-22,Plant_B,27,917,2.94438
2025-01-23,Plant_B,28,1535,1.82410
2025-01-24,Plant_B,33,1273,2.59230
2025-01-25,Plant_B,23,1047,2.19675
2025-01-26,Plant_B,28,1011,2.76954
2025-01-27,Plant_B,39,1327,2.93896
2025-01-28,Plant_B,22,781,2.81690
2025-01-29,Plant_B,18,891,2.02020
2025-01-30,Plant_B,17,1033,1.64569
2025-01-31,Plant_B,19,752,2.52660
2025-02-01,Plant_B,27,1030,2.62136
2025-02-02,Plant_B,44,1638,2.68620
2025-02-03,Plant_B,21,548,3.83212
2025-02-04,Plant_B,25,1313,1.90404
2025-02-05,Plant_B,35,1557,2.24791
2025-02-06,Plant_B,43,1517,2.83454
2025-02-07,Plant_B,33,1640,2.01220
2025-02-08,Plant_B,40,1859,2.15169
2025-02-09,Plant_B,37,1218,3.03777
2025-02-10,Plant_B,25,618,4.04531
2025-02-11,Plant_B,16,1098,1.45719
2025-02-12,Plant_B,16,687,2.32897
2025-02-13,Plant_B,24,1203,1.99501
2025-02-14,Plant_B,12,454,2.64317
2025-02-15,Plant_B,26,1035,2.51208
2025-02-16,Plant_B,41,1481,2.76840
2025-02-17,Plant_B,37,1642,2.25335
2025-02-18,Plant_B,32,1121,2.85459
2025-02-19,Plant_B,10,811,1.23305
2025-02-20,Plant_B,12,788,1.52284
2025-02-21,Plant_B,38,1551,2.45003
2025-02-22,Plant_B,24,1211,1.98183
2025-02-23,Plant_B,20,855,2.33918
2025-02-24,Plant_B,30,1351,2.22058
2025-02-25,Plant_B,17,718,2.36769
2025-02-26,Plant_B,12,796,1.50754
2025-02-27,Plant_B,20,746,2.68097
2025-02-28,Plant_B,26,1374,1.89229
2025-03-01,Plant_B,30,1201,2.49792
2025-03-02,Plant_B,20,928,2.15517
2025-03-03,Plant_B,17,651,2.61137
2025-03-04,Plant_B,17,821,2.07065
2025-03-05,Plant_B,34,1611,2.11049
2025-03-06,Plant_B,34,1303,2.60936
2025-03-07,Plant_B,31,1597,1.94114
2025-03-08,Plant_B,18,632,2.84810
2025-03-09,Plant_B,24,1270,1.88976
2025-03-10,Plant_B,4,526,0.76046
2025-03-11,Plant_B,27,909,2.97030
2025-03-12,Plant_B,21,924,2.27273
2025-03-13,Plant_B,20,900,2.22222
2025-03-14,Plant_B,12,727,1.65062
2025-03-15,Plant_B,20,963,2.07684
2025-03-16,Plant_B,41,1326,3.09201
2025-03-17,Plant_B,39,975,4.00000
2025-03-18,Plant_B,27,1175,2.29787
2025-03-19,Plant_B,9,273,3.29670
2025-03-20,Plant_B,36,1434,2.51046
2025-03-21,Plant_B,15,731,2.05198
2025-03-22,Plant_B,26,950,2.73684
2025-03-23,Plant_B,17,1043,1.62991
2025-03-24,Plant_B,32,1699,1.88346
2025-03-25,Plant_B,29,1240,2.33871
2025-03-26,Plant_B,11,377,2.91777
2025-03-27,Plant_B,23,1172,1.96246
2025-03-28,Plant_B,32,1501,2.13191
2025-03-29,Plant_B,25,786,3.18066
2025-03-30,Plant_B,24,1167,2.05656
2025-03-31,Plant_B,17,770,2.20779
2025-04-01,Plant_B,21,993,2.11480
2025-04-02,Plant_B,18,682,2.63930
2025-04-03,Plant_B,29,1482,1.95682
2025-04-04,Plant_B,28,1260,2.22222
2025-04-05,Plant_B,25,705,3.54610
2025-04-06,Plant_B,20,697,2.86944
2025-04-07,Plant_B,21,1178,1.78268
2025-04-08,Plant_B,8,532,1.50376
2025-04-09,Plant_B,34,1217,2.79376
2025-04-10,Plant_B,13,498,2.61044
2025-04-11,Plant_B,23,1351,1.70244
2025-04-12,Plant_B,10,333,3.00300
2025-04-13,Plant_B,36,1274,2.82575
2025-04-14,Plant_B,25,1044,2.39464
2025-04-15,Plant_B,27,1174,2.29983
2025-04-16,Plant_B,20,934,2.14133
2025-04-17,Plant_B,35,1015,3.44828
2025-04-18,Plant_B,35,1302,2.68817
2025-04-19,Plant_B,17,705,2.41135
2025-04-20,Plant_B,38,1392,2.72989
2025-04-21,Plant_B,44,1537,2.86272
2025-04-22,Plant_B,13,670,1.94030
2025-04-23,Plant_B,19,1089,1.74472
2025-04-24,Plant_B,33,1031,3.20078
2025-04-25,Plant_B,20,917,2.18103
2025-04-26,Plant_B,19,989,1.92113
2025-04-27,Plant_B,26,1341,1.93885
2025-04-28,Plant_B,12,552,2.17391
2025-04-29,Plant_B,21,887,2.36753
2025-04-30,Plant_B,27,1339,2.01643
2025-05-01,Plant_B,12,546,2.19780
2025-05-02,Plant_B,15,917,1.63577
2025-05-03,Plant_B,7,452,1.54867
2025-05-04,Plant_B,8,329,2.43161
2025-05-05,Plant_B,12,699,1.71674
2025-05-06,Plant_B,23,1132,2.03180
2025-05-07,Plant_B,19,1046,1.81644
2025-05-08,Plant_B,25,1041,2.40154
2025-05-09,Plant_B,20,654,3.05810
2025-05-10,Plant_B,32,1338,2.39163
2025-05-11,Plant_B,31,1600,1.93750
2025-05-12,Plant_B,16,1064,1.50376
2025-05-13,Plant_B,19,819,2.31990
2025-05-14,Plant_B,24,705,3.40426
2025-05-15,Plant_B,32,1087,2.94388
2025-05-16,Plant_B,28,1103,2.53853
2025-05-17,Plant_B,21,992,2.11694
2025-05-18,Plant_B,13,782,1.66240
2025-05-19,Plant_B,19,648,2.93210
2025-05-20,Plant_B,29,1667,1.73965
2025-05-21,Plant_B,24,949,2.52898
2025-05-22,Plant_B,21,1078,1.94805
2025-05-23,Plant_B,36,1336,2.69461
2025-05-24,Plant_B,18,963,1.86916
2025-05-25,Plant_B,31,1200,2.58333
2025-05-26,Plant_B,31,1406,2.20484
2025-05-27,Plant_B,27,1344,2.00893
2025-05-28,Plant_B,13,347,3.74640
2025-05-29,Plant_B,16,575,2.78261
2025-05-30,Plant_B,16,909,1.76018
2025-05-31,Plant_B,24,826,2.90557
2025-06-01,Plant_B,34,1692,2.00946
2025-06-02,Plant_B,22,927,2.37325
2025-06-03,Plant_B,30,1028,2.91829
2025-06-04,Plant_B,20,732,2.73224
2025-06-05,Plant_B,23,779,2.95250
2025-06-06,Plant_B,28,563,4.97336
2025-06-07,Plant_B,31,1318,2.35205
2025-06-08,Plant_B,17,1068,1.59176
2025-06-09,Plant_B,24,1007,2.38332
2025-06-10,Plant_B,11,570,1.92982
2025-06-11,Plant_B,16,741,2.15924
2025-06-12,Plant_B,26,1358,1.91458
2025-06-13,Plant_B,21,1007,2.08540
2025-06-14,Plant_B,25,895,2.79330
2025-06-15,Plant_B,47,1394,3.37159
2025-06-16,Plant_B,11,609,1.80624
2025-06-17,Plant_B,30,1057,2.83822
2025-06-18,Plant_B,15,798,1.87970
2025-06-19,Plant_B,27,1119,2.41287
2025-06-20,Plant_B,30,1048,2.86260
2025-06-21,Plant_B,18,653,2.75651
2025-06-22,Plant_B,16,503,3.18091
2025-06-23,Plant_B,23,1167,1.97087
2025-06-24,Plant_B,34,786,4.32570
2025-06-25,Plant_B,42,1521,2.76134
2025-06-26,Plant_B,25,1061,2.35627
2025-06-27,Plant_B,30,1251,2.39808
2025-06-28,Plant_B,25,1405,1.77936
2025-06-29,Plant_B,25,798,3.13283
2025-06-30,Plant_B,17,490,3.46939
2025-07-01,Plant_B,29,687,4.22125
2025-07-02,Plant_B,19,893,2.12766
2025-07-03,Plant_B,34,988,3.44130
2025-07-04,Plant_B,13,511,2.54403
2025-07-05,Plant_B,34,1436,2.36769
2025-07-06,Plant_B,23,1227,1.87449
2025-07-07,Plant_B,40,1502,2.66312
2025-07-08,Plant_B,24,994,2.41449
2025-07-09,Plant_B,13,737,1.76391
2025-07-10,Plant_B,29,1232,2.35390
2025-07-11,Plant_B,21,703,2.98720
2025-07-12,Plant_B,27,932,2.89700
2025-07-13,Plant_B,10,506,1.97628
2025-07-14,Plant_B,25,1082,2.31054
2025-07-15,Plant_B,36,1286,2.79938
2025-07-16,Plant_B,18,876,2.05479
2025-07-17,Plant_B,11,906,1.21413
2025-07-18,Plant_B,35,1424,2.45787
2025-07-19,Plant_B,15,1001,1.49850
2025-07-20,Plant_B,25,946,2.64271
2025-07-21,Plant_B,6,428,1.40187
2025-07-22,Plant_B,20,930,2.15054
2025-07-23,Plant_B,31,1670,1.85629
2025-07-24,Plant_B,40,1406,2.84495
2025-07-25,Plant_B,18,1073,1.67754
2025-07-26,Plant_B,29,1010,2.87129
2025-07-27,Plant_B,40,1138,3.51494
2025-07-28,Plant_B,14,1213,1.15416
2025-07-29,Plant_B,22,774,2.84238
2025-07-30,Plant_B,15,952,1.57563
2025-07-31,Plant_B,18,656,2.74390
2025-08-01,Plant_B,19,818,2.32274
2025-08-02,Plant_B,24,1143,2.09974
2025-08-03,Plant_B,34,1310,2.59542
2025-08-04,Plant_B,27,1206,2.23881
2025-08-05,Plant_B,14,633,2.21169
2025-08-06,Plant_B,31,1351,2.29460
2025-08-07,Plant_B,28,1071,2.61438
2025-08-08,Plant_B,19,1174,1.61840
2025-08-09,Plant_B,18,710,2.53521
2025-08-10,Plant_B,24,822,2.91971
2025-08-11,Plant_B,17,839,2.02622
2025-08-12,Plant_B,23,1261,1.82395
2025-08-13,Plant_B,15,772,1.94301
2025-08-14,Plant_B,14,495,2.82828
2025-08-15,Plant_B,22,1031,2.13385
2025-08-16,Plant_B,12,701,1.71184
2025-08-17,Plant_B,25,1120,2.23214
2025-08-18,Plant_B,12,467,2.56959
2025-08-19,Plant_B,26,1165,2.23176
2025-08-20,Plant_B,21,1086,1.93370
2025-08-21,Plant_B,31,1046,2.96367
2025-08-22,Plant_B,40,2001,1.99900
2025-08-23,Plant_B,26,1036,2.50965
2025-08-24,Plant_B,23,588,3.91156
2025-08-25,Plant_B,35,1179,2.96862
2025-08-26,Plant_B,31,1108,2.79783
2025-08-27,Plant_B,13,593,2.19224
2025-08-28,Plant_B,47,1715,2.74052
2025-08-29,Plant_B,30,1329,2.25734
2025-08-30,Plant_B,16,535,2.99065
2025-08-31,Plant_B,25,844,2.96209
2025-09-01,Plant_B,31,1111,2.79028
2025-09-02,Plant_B,46,1435,3.20557
2025-09-03,Plant_B,31,908,3.41410
2025-09-04,Plant_B,9,559,1.61002
2025-09-05,Plant_B,16,741,2.15924
2025-09-06,Plant_B,24,1463,1.64046
2025-09-07,Plant_B,33,1102,2.99456
2025-09-08,Plant_B,18,786,2.29008
2025-09-09,Plant_B,21,650,3.23077
2025-09-10,Plant_B,28,1124,2.49110
2025-09-11,Plant_B,30,1021,2.93830
2025-09-12,Plant_B,28,948,2.95359
2025-09-13,Plant_B,20,1237,1.61681
2025-09-14,Plant_B,23,837,2.74791
2025-09-15,Plant_B,27,1377,1.96078
2025-09-16,Plant_B,14,572,2.44755
2025-09-17,Plant_B,24,839,2.86055
2025-09-18,Plant_B,23,729,3.15501
2025-09-19,Plant_B,26,1164,2.23368
2025-09-20,Plant_B,27,656,4.11585
2025-09-21,Plant_B,25,1062,2.35405
2025-09-22,Plant_B,41,1387,2.95602
2025-09-23,Plant_B,25,1082,2.31054
2025-09-24,Plant_B,20,921,2.17155
2025-09-25,Plant_B,22,898,2.44989
2025-09-26,Plant_B,16,633,2.52765
2025-09-27,Plant_B,28,974,2.87474
2025-09-28,Plant_B,24,1159,2.07075
2025-09-29,Plant_B,24,802,2.99252
2025-09-30,Plant_B,23,881,2.61067
2025-10-01,Plant_B,27,1069,2.52572
2025-10-02,Plant_B,41,1481,2.76840
2025-10-03,Plant_B,15,837,1.79211
2025-10-04,Plant_B,28,1093,2.56176
2025-10-05,Plant_B,15,1011,1.48368
2025-10-06,Plant_B,13,638,2.03762
2025-10-07,Plant_B,26,916,2.83843
2025-10-08,Plant_B,10,518,1.93050
2025-10-09,Plant_B,9,345,2.60870
2025-10-10,Plant_B,22,983,2.23805
2025-10-11,Plant_B,11,709,1.55148
2025-10-12,Plant_B,15,595,2.52101
2025-10-13,Plant_B,27,1257,2.14797
2025-10-14,Plant_B,22,1180,1.86441
2025-10-15,Plant_B,14,728,1.92308
2025-10-16,Plant_B,32,1188,2.69360
2025-10-17,Plant_B,27,1602,1.68539
2025-10-18,Plant_B,35,1779,1.96740
2025-10-19,Plant_B,37,929,3.98278
2025-10-20,Plant_B,26,924,2.81385
2025-10-21,Plant_B,30,1165,2.57511
2025-10-22,Plant_B,16,477,3.35430
2025-10-23,Plant_B,29,870,3.33333
2025-10-24,Plant_B,23,1366,1.68375
2025-10-25,Plant_B,13,753,1.72643
2025-10-26,Plant_B,27,975,2.76923
2025-10-27,Plant_B,24,1148,2.09059
2025-10-28,Plant_B,38,1554,2.44530
2025-10-29,Plant_B,27,1054,2.56167
2025-10-30,Plant_B,36,1515,2.37624
2025-10-31,Plant_B,27,914,2.95405
2025-11-01,Plant_B,17,758,2.24274
2025-11-02,Plant_B,29,1288,2.25155
2025-11-03,Plant_B,28,1162,2.40964
2025-11-04,Plant_B,26,1044,2.49042
2025-11-05,Plant_B,19,660,2.87879
2025-11-06,Plant_B,29,1020,2.84314
2025-11-07,Plant_B,30,1735,1.72911
2025-11-08,Plant_B,21,970,2.16495
2025-11-09,Plant_B,23,1051,2.18839
2025-11-10,Plant_B,19,760,2.50000
2025-11-11,Plant_B,29,1368,2.11988
2025-11-12,Plant_B,21,796,2.63819
2025-11-13,Plant_B,20,826,2.42131
2025-11-14,Plant_B,21,848,2.47642
2025-11-15,Plant_B,33,1253,2.63368
2025-11-16,Plant_B,16,585,2.73504
2025-11-17,Plant_B,14,530,2.64151
2025-11-18,Plant_B,36,1539,2.33918
2025-11-19,Plant_B,19,697,2.72597
2025-11-20,Plant_B,11,540,2.03704
2025-11-21,Plant_B,24,869,2.76180
2025-11-22,Plant_B,26,902,2.88248
2025-11-23,Plant_B,44,1228,3.58306
2025-11-24,Plant_B,20,548,3.64964
2025-11-25,Plant_B,34,801,4.24469
2025-11-26,Plant_B,37,1756,2.10706
2025-11-27,Plant_B,39,1557,2.50482
2025-11-28,Plant_B,34,1299,2.61740
2025-11-29,Plant_B,34,993,3.42397
2025-11-30,Plant_B,21,725,2.89655
2025-12-01,Plant_B,19,1166,1.62950
2025-12-02,Plant_B,33,1138,2.89982
2025-12-03,Plant_B,21,867,2.42215
2025-12-04,Plant_B,30,861,3.48432
2025-12-05,Plant_B,31,1067,2.90534
2025-12-06,Plant_B,23,736,3.12500
2025-12-07,Plant_B,25,1250,2.00000
2025-12-08,Plant_B,20,1131,1.76835
2025-12-09,Plant_B,24,698,3.43840
2025-12-10,Plant_B,23,993,2.31621
2025-12-11,Plant_B,18,529,3.40265
2025-12-12,Plant_B,9,616,1.46104
2025-12-13,Plant_B,21,805,2.60870
2025-12-14,Plant_B,23,868,2.64977
2025-12-15,Plant_B,23,711,3.23488
2025-12-16,Plant_B,12,417,2.87770
2025-12-17,Plant_B,33,987,3.34347
2025-12-18,Plant_B,31,1131,2.74094
2025-12-19,Plant_B,29,1713,1.69294
2025-12-20,Plant_B,31,869,3.56732
2025-12-21,Plant_B,26,1001,2.59740
2025-12-22,Plant_B,16,808,1.98020
2025-12-23,Plant_B,19,921,2.06298
2025-12-24,Plant_B,25,1483,1.68577
2025-12-25,Plant_B,30,887,3.38219
2025-12-26,Plant_B,12,885,1.35593
2025-12-27,Plant_B,40,1525,2.62295
2025-12-28,Plant_B,20,902,2.21729
2025-12-29,Plant_B,16,919,1.74102
2025-12-30,Plant_B,20,1109,1.80343
2025-12-31,Plant_B,26,913,2.84775
2026-01-01,Plant_B,20,1050,1.90476
2026-01-02,Plant_B,43,1280,3.35938
2026-01-03,Plant_B,16,549,2.91439
2026-01-04,Plant_B,24,1067,2.24930
2026-01-05,Plant_B,26,1341,1.93885
2026-01-06,Plant_B,23,972,2.36626
2026-01-07,Plant_B,30,1119,2.68097
2026-01-08,Plant_B,44,1577,2.79011
2026-01-09,Plant_B,25,1279,1.95465
2026-01-10,Plant_B,28,1121,2.49777
2026-01-11,Plant_B,19,775,2.45161
2026-01-12,Plant_B,17,702,2.42165
2026-01-13,Plant_B,9,483,1.86335
2026-01-14,Plant_B,24,962,2.49480
2026-01-15,Plant_B,30,1216,2.46711
2026-01-16,Plant_B,24,779,3.08087
2026-01-17,Plant_B,12,403,2.97767
2026-01-18,Plant_B,4,213,1.87793
2026-01-19,Plant_B,21,846,2.48227
2026-01-20,Plant_B,18,932,1.93133
2026-01-21,Plant_B,25,853,2.93083
2026-01-22,Plant_B,33,1801,1.83232
2026-01-23,Plant_B,21,923,2.27519
2026-01-24,Plant_B,40,1465,2.73038
2026-01-25,Plant_B,18,709,2.53879
2026-01-26,Plant_B,24,1094,2.19378
2026-01-27,Plant_B,26,1021,2.54652
2026-01-28,Plant_B,26,1052,2.47148
2026-01-29,Plant_B,33,1369,2.41052
2026-01-30,Plant_B,29,1335,2.17228
2026-01-31,Plant_B,9,351,2.56410
2026-02-01,Plant_B,29,1225,2.36735
2026-02-02,Plant_B,36,1201,2.99750
2026-02-03,Plant_B,23,1032,2.22868
2026-02-04,Plant_B,16,813,1.96802
2026-02-05,Plant_B,29,1021,2.84035
2026-02-06,Plant_B,32,867,3.69089
2026-02-07,Plant_B,20,909,2.20022
2026-02-08,Plant_B,16,795,2.01258
2026-02-09,Plant_B,13,465,2.79570
2026-02-10,Plant_B,14,746,1.87668
2026-02-11,Plant_B,39,1249,3.12250
2026-02-12,Plant_B,25,1167,2.14225
2026-02-13,Plant_B,10,692,1.44509
2026-02-14,Plant_B,25,1176,2.12585
2026-02-15,Plant_B,24,882,2.72109
2026-02-16,Plant_B,24,850,2.82353
2026-02-17,Plant_B,13,538,2.41636
2026-02-18,Plant_B,23,1528,1.50524
2026-02-19,Plant_B,9,640,1.40625
2026-02-20,Plant_B,40,1465,2.73038
2026-02-21,Plant_B,28,784,3.57143
2026-02-22,Plant_B,38,1085,3.50230
2026-02-23,Plant_B,43,1798,2.39155
2026-02-24,Plant_B,26,1181,2.20152
2026-02-25,Plant_B,31,1214,2.55354
2026-02-26,Plant_B,36,1635,2.20183
2026-02-27,Plant_B,21,655,3.20611
2026-02-28,Plant_B,37,1601,2.31106
2026-03-01,Plant_B,15,832,1.80288
2026-03-02,Plant_B,21,836,2.51196
2026-03-03,Plant_B,31,1313,2.36101
2026-03-04,Plant_B,34,844,4.02844
2026-03-05,Plant_B,30,1229,2.44101
2026-03-06,Plant_B,41,1137,3.60598
2026-03-07,Plant_B,14,644,2.17391
2026-03-08,Plant_B,32,1138,2.81195
2026-03-09,Plant_B,31,1391,2.22861
2026-03-10,Plant_B,18,695,2.58993
2026-03-11,Plant_B,19,733,2.59209
2026-03-12,Plant_B,37,1712,2.16121
2026-03-13,Plant_B,23,1021,2.25269
2026-03-14,Plant_B,17,564,3.01418
2026-03-15,Plant_B,22,663,3.31825
2026-03-16,Plant_B,11,661,1.66415
2026-03-17,Plant_B,30,1236,2.42718
2026-03-18,Plant_B,11,733,1.50068
2026-03-19,Plant_B,30,1276,2.35110
2026-03-20,Plant_B,25,1138,2.19684
2026-03-21,Plant_B,22,832,2.64423
2026-03-22,Plant_B,33,1379,2.39304
2026-03-23,Plant_B,30,1531,1.95950
2026-03-24,Plant_B,38,1454,2.61348
2026-03-25,Plant_B,21,1094,1.91956
2026-03-26,Plant_B,28,894,3.13199
2026-03-27,Plant_B,10,839,1.19190
2026-03-28,Plant_B,22,831,2.64741
2026-03-29,Plant_B,24,1090,2.20183
2026-03-30,Plant_B,26,717,3.62622
2026-03-31,Plant_B,26,779,3.33761
2026-04-01,Plant_B,14,755,1.85430
2026-04-02,Plant_B,28,1386,2.02020
2026-04-03,Plant_B,12,822,1.45985
2026-04-04,Plant_B,27,1368,1.97368
2026-04-05,Plant_B,50,1903,2.62743
2026-04-06,Plant_B,11,683,1.61054
2026-04-07,Plant_B,11,450,2.44444
2026-04-08,Plant_B,26,820,3.17073
2026-04-09,Plant_B,9,488,1.84426
2026-04-10,Plant_B,26,1311,1.98322
2026-04-11,Plant_B,29,1303,2.22563
2026-04-12,Plant_B,27,1172,2.30375
2026-04-13,Plant_B,27,1449,1.86335
2026-04-14,Plant_B,7,237,2.95359
2026-04-15,Plant_B,27,1347,2.00445
2026-04-16,Plant_B,27,1191,2.26700
2026-04-17,Plant_B,37,1228,3.01303
2026-04-18,Plant_B,15,735,2.04082
2026-04-19,Plant_B,17,666,2.55255
2026-04-20,Plant_B,16,907,1.76406
2026-04-21,Plant_B,23,603,3.81426
2026-04-22,Plant_B,28,1232,2.27273
2026-04-23,Plant_B,38,1502,2.52996
2026-04-24,Plant_B,23,960,2.39583
2026-04-25,Plant_B,19,703,2.70270
2026-04-26,Plant_B,32,1505,2.12625
2026-04-27,Plant_B,23,762,3.01837
2026-04-28,Plant_B,17,400,4.25000
2026-04-29,Plant_B,17,642,2.64798
2026-04-30,Plant_B,25,1140,2.19298
2026-05-01,Plant_B,21,865,2.42775
2026-05-02,Plant_B,35,1625,2.15385
2026-05-03,Plant_B,30,821,3.65408
2026-05-04,Plant_B,17,801,2.12235
2026-05-05,Plant_B,45,1210,3.71901
2026-05-06,Plant_B,28,941,2.97556
2026-05-07,Plant_B,25,1342,1.86289
2026-05-08,Plant_B,24,846,2.83688
2026-05-09,Plant_B,33,1504,2.19415
2026-05-10,Plant_B,31,1064,2.91353
2026-05-11,Plant_B,39,1386,2.81385
2026-05-12,Plant_B,43,1458,2.94925
2026-05-13,Plant_B,31,1283,2.41621
2026-05-14,Plant_B,11,705,1.56028
2026-05-15,Plant_B,31,1178,2.63158
2026-05-16,Plant_B,18,847,2.12515
2026-05-17,Plant_B,32,1758,1.82025
2026-05-18,Plant_B,21,720,2.91667
2026-05-19,Plant_B,20,1007,1.98610
2026-05-20,Plant_B,12,538,2.23048
2026-05-21,Plant_B,24,969,2.47678
2026-05-22,Plant_B,11,953,1.15425
2026-05-23,Plant_B,35,1257,2.78441
2026-05-24,Plant_B,18,723,2.48963
2026-05-25,Plant_B,25,1309,1.90985
2026-05-26,Plant_B,19,663,2.86576
2026-05-27,Plant_B,29,1360,2.13235
2026-05-28,Plant_B,24,1399,1.71551
2026-05-29,Plant_B,29,1144,2.53497
2026-05-30,Plant_B,34,1629,2.08717
2026-05-31,Plant_B,18,985,1.82741
2026-06-01,Plant_B,16,787,2.03304
2026-06-02,Plant_B,23,979,2.34934
2026-06-03,Plant_B,55,1893,2.90544
2026-06-04,Plant_B,22,1030,2.13592
2026-06-05,Plant_B,32,989,3.23559
2026-06-06,Plant_B,18,739,2.43572
2026-06-07,Plant_B,14,1014,1.38067
2026-06-08,Plant_B,20,549,3.64299
2026-06-09,Plant_B,24,1159,2.07075
2026-06-10,Plant_B,37,873,4.23826
2026-06-11,Plant_B,21,763,2.75229
2026-06-12,Plant_B,24,701,3.42368
2026-06-13,Plant_B,41,1628,2.51843
2026-06-14,Plant_B,18,956,1.88285
2026-06-15,Plant_B,21,857,2.45041
2026-06-16,Plant_B,19,817,2.32558
2026-06-17,Plant_B,18,844,2.13270
2026-06-18,Plant_B,31,1053,2.94397
2026-06-19,Plant_B,38,1673,2.27137
2026-06-20,Plant_B,13,455,2.85714
2026-06-21,Plant_B,23,841,2.73484
2026-06-22,Plant_B,41,1756,2.33485
2026-06-23,Plant_B,5,539,0.92764
2026-06-24,Plant_B,24,1008,2.38095
2026-06-25,Plant_B,18,534,3.37079
2026-06-26,Plant_B,35,1247,2.80674
2026-06-27,Plant_B,37,1450,2.55172
2026-06-28,Plant_B,28,1070,2.61682
2026-06-29,Plant_B,27,1009,2.67592
2026-06-30,Plant_B,18,1056,1.70455
2026-07-01,Plant_B,22,1261,1.74465
2026-07-02,Plant_B,28,1132,2.47350
2026-07-03,Plant_B,12,735,1.63265
2026-07-04,Plant_B,28,1199,2.33528
2026-07-05,Plant_B,28,1061,2.63902
2026-07-06,Plant_B,12,677,1.77253
2026-07-07,Plant_B,26,1206,2.15589
2026-07-08,Plant_B,13,782,1.66240
2026-07-09,Plant_B,30,1304,2.30061
2026-07-10,Plant_B,16,1092,1.46520
2026-07-11,Plant_B,9,619,1.45396
2026-07-12,Plant_B,33,1102,2.99456
2026-07-13,Plant_B,65,2074,3.13404
2026-07-14,Plant_B,7,561,1.24777
2026-07-15,Plant_B,16,560,2.85714
2026-07-16,Plant_B,29,1100,2.63636
2026-07-17,Plant_B,36,1623,2.21811
2026-07-18,Plant_B,44,1621,2.71437
2026-07-19,Plant_B,30,1358,2.20913
2026-07-20,Plant_B,17,665,2.55639
2026-07-21,Plant_B,30,1684,1.78147
2026-07-22,Plant_B,28,1497,1.87041
2026-07-23,Plant_B,6,420,1.42857
2026-07-24,Plant_B,33,1293,2.55220
2026-07-25,Plant_B,1,175,0.57143
2026-07-26,Plant_B,28,1183,2.36686
2026-07-27,Plant_B,36,1649,2.18314
2026-07-28,Plant_B,29,1229,2.35964
2026-07-29,Plant_B,18,769,2.34070
2026-07-30,Plant_B,17,936,1.81624
2026-07-31,Plant_B,19,996,1.90763
2026-08-01,Plant_B,24,905,2.65193
2026-08-02,Plant_B,20,889,2.24972
2026-08-03,Plant_B,14,742,1.88679
2026-08-04,Plant_B,27,1341,2.01342
2026-08-05,Plant_B,32,1183,2.70499
2026-08-06,Plant_B,18,860,2.09302
2026-08-07,Plant_B,18,1145,1.57205
2026-08-08,Plant_B,35,1389,2.51980
2026-08-09,Plant_B,24,646,3.71517
2026-08-10,Plant_B,18,694,2.59366
2026-08-11,Plant_B,30,923,3.25027
2026-08-12,Plant_B,20,1168,1.71233
2026-08-13,Plant_B,28,878,3.18907
2026-08-14,Plant_B,31,1206,2.57048
2026-08-15,Plant_B,29,1361,2.13079
2026-08-16,Plant_B,19,664,2.86145
2026-08-17,Plant_B,10,353,2.83286
2026-08-18,Plant_B,18,721,2.49653
2026-08-19,Plant_B,9,550,1.63636
2026-08-20,Plant_B,13,650,2.00000
2026-08-21,Plant_B,18,702,2.56410
2026-08-22,Plant_B,22,1354,1.62482
2026-08-23,Plant_B,27,1246,2.16693
2026-08-24,Plant_B,25,1021,2.44858
2026-08-25,Plant_B,18,782,2.30179
2026-08-26,Plant_B,41,1831,2.23921
2026-08-27,Plant_B,28,1272,2.20126
2026-08-28,Plant_B,29,923,3.14193
2026-08-29,Plant_B,16,1279,1.25098
2026-08-30,Plant_B,33,1255,2.62948
2026-08-31,Plant_B,21,890,2.35955
2026-09-01,Plant_B,14,574,2.43902
2026-09-02,Plant_B,38,1326,2.86576
2026-09-03,Plant_B,21,743,2.82638
2026-09-04,Plant_B,23,1145,2.00873
2026-09-05,Plant_B,24,896,2.67857
2026-09-06,Plant_B,14,620,2.25806
2026-09-07,Plant_B,42,1281,3.27869
2026-09-08,Plant_B,16,610,2.62295
2026-09-09,Plant_B,34,1300,2.61538
2026-09-10,Plant_B,43,1567,2.74410
2026-09-11,Plant_B,25,1204,2.07641
2026-09-12,Plant_B,42,1437,2.92276
2026-09-13,Plant_B,9,534,1.68539
2026-09-14,Plant_B,27,908,2.97357
2026-09-15,Plant_B,17,672,2.52976
2026-09-16,Plant_B,30,1292,2.32198
2026-09-17,Plant_B,29,1348,2.15134
2026-09-18,Plant_B,25,1050,2.38095
2026-09-19,Plant_B,20,1166,1.71527
2026-09-20,Plant_B,21,783,2.68199
2026-09-21,Plant_B,8,529,1.51229
2026-09-22,Plant_B,20,1187,1.68492
2026-09-23,Plant_B,17,776,2.19072
2026-09-24,Plant_B,24,1125,2.13333
2026-09-25,Plant_B,23,948,2.42616
2026-09-26,Plant_B,32,992,3.22581
2026-09-27,Plant_B,24,664,3.61446
2026-09-28,Plant_B,9,613,1.46819
2026-09-29,Plant_B,26,1001,2.59740
2026-09-30,Plant_B,14,780,1.79487
2026-10-01,Plant_B,15,610,2.45902
2026-10-02,Plant_B,25,1138,2.19684
2026-10-03,Plant_B,24,990,2.42424
2026-10-04,Plant_B,20,1109,1.80343
2026-10-05,Plant_B,17,625,2.72000
2026-10-06,Plant_B,21,891,2.35690
2026-10-07,Plant_B,39,1546,2.52264
2026-10-08,Plant_B,33,1009,3.27056
2026-10-09,Plant_B,10,693,1.44300
2026-10-10,Plant_B,23,1056,2.17803
2026-10-11,Plant_B,23,1070,2.14953
2026-10-12,Plant_B,20,1032,1.93798
2026-10-13,Plant_B,9,602,1.49502
2026-10-14,Plant_B,16,719,2.22531
2026-10-15,Plant_B,40,1590,2.51572
2026-10-16,Plant_B,23,1263,1.82106
2026-10-17,Plant_B,17,930,1.82796
2026-10-18,Plant_B,37,1217,3.04026
2026-10-19,Plant_B,36,1199,3.00250
2026-10-20,Plant_B,21,770,2.72727
2026-10-21,Plant_B,29,1344,2.15774
2026-10-22,Plant_B,49,1659,2.95359
2026-10-23,Plant_B,10,746,1.34048
2026-10-24,Plant_B,30,892,3.36323
2026-10-25,Plant_B,35,1358,2.57732
2026-10-26,Plant_B,19,469,4.05117
2026-10-27,Plant_B,40,1234,3.24149
2026-10-28,Plant_B,27,659,4.09712
2026-10-29,Plant_B,7,599,1.16861
2026-10-30,Plant_B,34,1904,1.78571
2026-10-31,Plant_B,16,683,2.34261
2026-11-01,Plant_B,27,1283,2.10444
2026-11-02,Plant_B,24,891,2.69360
2026-11-03,Plant_B,23,901,2.55272
2026-11-04,Plant_B,8,388,2.06186
2026-11-05,Plant_B,14,655,2.13740
2026-11-06,Plant_B,17,683,2.48902
2026-11-07,Plant_B,24,918,2.61438
2026-11-08,Plant_B,24,1099,2.18380
2026-11-09,Plant_B,23,1221,1.88370
2026-11-10,Plant_B,23,621,3.70370
2026-11-11,Plant_B,15,889,1.68729
2026-11-12,Plant_B,25,1085,2.30415
2026-11-13,Plant_B,29,1207,2.40265
2026-11-14,Plant_B,23,1015,2.26601
2026-11-15,Plant_B,16,1161,1.37812
2026-11-16,Plant_B,24,697,3.44333
2026-11-17,Plant_B,20,756,2.64550
2026-11-18,Plant_B,21,889,2.36220
2026-11-19,Plant_B,16,663,2.41327
2026-11-20,Plant_B,34,1785,1.90476
2026-11-21,Plant_B,25,759,3.29381
2026-11-22,Plant_B,18,634,2.83912
2026-11-23,Plant_B,13,699,1.85980
2026-11-24,Plant_B,22,1052,2.09125
2026-11-25,Plant_B,10,272,3.67647
2026-11-26,Plant_B,19,821,2.31425
2026-11-27,Plant_B,26,1063,2.44591
2026-11-28,Plant_B,30,1426,2.10379
2026-11-29,Plant_B,30,1154,2.59965
2026-11-30,Plant_B,30,1033,2.90416
2026-12-01,Plant_B,19,950,2.00000
2026-12-02,Plant_B,17,733,2.31924
2026-12-03,Plant_B,30,967,3.10238
2026-12-04,Plant_B,29,1209,2.39868
2026-12-05,Plant_B,27,858,3.14685
2026-12-06,Plant_B,20,822,2.43309
2026-12-07,Plant_B,24,900,2.66667
2026-12-08,Plant_B,20,839,2.38379
2026-12-09,Plant_B,25,1551,1.61186
2026-12-10,Plant_B,33,1419,2.32558
2026-12-11,Plant_B,15,695,2.15827
2026-12-12,Plant_B,31,1460,2.12329
2026-12-13,Plant_B,32,975,3.28205
2026-12-14,Plant_B,37,1246,2.96950
2026-12-15,Plant_B,28,952,2.94118
2026-12-16,Plant_B,42,1146,3.66492
2026-12-17,Plant_B,33,854,3.86417
2026-12-18,Plant_B,19,983,1.93286
2026-12-19,Plant_B,34,1286,2.64386
2026-12-20,Plant_B,17,812,2.09360
2026-12-21,Plant_B,29,1285,2.25681
2026-12-22,Plant_B,31,1318,2.35205
2026-12-23,Plant_B,28,671,4.17288
2026-12-24,Plant_B,20,826,2.42131
2026-12-25,Plant_B,26,837,3.10633
2026-12-26,Plant_B,29,843,3.44009
2026-12-27,Plant_B,22,1075,2.04651
2026-12-28,Plant_B,29,1307,2.21882
2026-12-29,Plant_B,12,843,1.42349
2026-12-30,Plant_B,18,710,2.53521
2026-12-31,Plant_B,27,917,2.94438
2027-01-01,Plant_B,16,757,2.11361
2027-01-02,Plant_B,14,616,2.27273
2027-01-03,Plant_B,13,581,2.23752
2027-01-04,Plant_B,10,737,1.35685
2027-01-05,Plant_B,28,1123,2.49332
2027-01-06,Plant_B,17,756,2.24868
2027-01-07,Plant_B,32,1159,2.76100
2027-01-08,Plant_B,29,1572,1.84478
2027-01-09,Plant_B,14,503,2.78330
2027-01-10,Plant_B,25,1031,2.42483
2027-01-11,Plant_B,21,983,2.13632
2027-01-12,Plant_B,34,1337,2.54301
2027-01-13,Plant_B,21,733,2.86494
2027-01-14,Plant_B,25,810,3.08642
2027-01-15,Plant_B,17,549,3.09654
2027-01-16,Plant_B,23,882,2.60771
2027-01-17,Plant_B,14,781,1.79257
2027-01-18,Plant_B,36,1225,2.93878
2027-01-19,Plant_B,15,783,1.91571
2027-01-20,Plant_B,37,1134,3.26279
2027-01-21,Plant_B,38,1703,2.23136
2027-01-22,Plant_B,17,824,2.06311
2027-01-23,Plant_B,18,544,3.30882
2027-01-24,Plant_B,33,1118,2.95170
2027-01-25,Plant_B,26,653,3.98162
2027-01-26,Plant_B,26,1342,1.93741
2027-01-27,Plant_B,31,1597,1.94114
2027-01-28,Plant_B,23,920,2.50000
2027-01-29,Plant_B,35,1123,3.11665
2027-01-30,Plant_B,30,929,3.22928
2027-01-31,Plant_B,22,1139,1.93152
2027-02-01,Plant_B,24,958,2.50522
2027-02-02,Plant_B,13,665,1.95489
2027-02-03,Plant_B,36,820,4.39024
2027-02-04,Plant_B,19,1081,1.75763
2027-02-05,Plant_B,35,1202,2.91181
2027-02-06,Plant_B,34,1605,2.11838
2027-02-07,Plant_B,17,663,2.56410
2027-02-08,Plant_B,23,1116,2.06093
2027-02-09,Plant_B,31,1105,2.80543
2027-02-10,Plant_B,23,1224,1.87908
2027-02-11,Plant_B,15,599,2.50417
2027-02-12,Plant_B,28,1166,2.40137
2027-02-13,Plant_B,32,1198,2.67112
2027-02-14,Plant_B,13,777,1.67310
2027-02-15,Plant_B,24,733,3.27422
2027-02-16,Plant_B,30,789,3.80228
2027-02-17,Plant_B,25,774,3.22997
2027-02-18,Plant_B,26,807,3.22181
2027-02-19,Plant_B,11,502,2.19124
2027-02-20,Plant_B,25,940,2.65957
2027-02-21,Plant_B,20,937,2.13447
2027-02-22,Plant_B,28,1003,2.79163
2027-02-23,Plant_B,24,1295,1.85328
2027-02-24,Plant_B,8,557,1.43627
2027-02-25,Plant_B,28,1278,2.19092
2027-02-26,Plant_B,32,1141,2.80456
2027-02-27,Plant_B,30,1230,2.43902
2027-02-28,Plant_B,24,824,2.91262
2027-03-01,Plant_B,30,1041,2.88184
2027-03-02,Plant_B,33,1129,2.92294
2027-03-03,Plant_B,7,270,2.59259
2027-03-04,Plant_B,18,773,2.32859
2027-03-05,Plant_B,12,354,3.38983
2027-03-06,Plant_B,37,1383,2.67534
2027-03-07,Plant_B,16,1102,1.45191
2027-03-08,Plant_B,26,1610,1.61491
2027-03-09,Plant_B,20,771,2.59403
2027-03-10,Plant_B,40,1456,2.74725
2027-03-11,Plant_B,29,864,3.35648
2027-03-12,Plant_B,18,790,2.27848
2027-03-13,Plant_B,29,810,3.58025
2027-03-14,Plant_B,19,930,2.04301
2027-03-15,Plant_B,18,615,2.92683
2027-03-16,Plant_B,23,1066,2.15760
2027-03-17,Plant_B,28,1145,2.44541
2027-03-18,Plant_B,18,466,3.86266
2027-03-19,Plant_B,33,1140,2.89474
2027-03-20,Plant_B,22,822,2.67640
2027-03-21,Plant_B,22,1153,1.90807
2027-03-22,Plant_B,27,861,3.13589
2027-03-23,Plant_B,35,1042,3.35893
2027-03-24,Plant_B,30,1178,2.54669
2027-03-25,Plant_B,15,611,2.45499
2027-03-26,Plant_B,18,815,2.20859
2027-03-27,Plant_B,27,1139,2.37050
2027-03-28,Plant_B,18,789,2.28137
2027-03-29,Plant_B,8,559,1.43113
2027-03-30,Plant_B,21,638,3.29154
2027-03-31,Plant_B,39,1315,2.96578
2027-04-01,Plant_B,4,586,0.68259
2027-04-02,Plant_B,19,952,1.99580
2027-04-03,Plant_B,24,1283,1.87062
2027-04-04,Plant_B,13,487,2.66940
2027-04-05,Plant_B,25,1021,2.44858
2027-04-06,Plant_B,26,1009,2.57681
2027-04-07,Plant_B,32,845,3.78698
2027-04-08,Plant_B,28,983,2.84842
2027-04-09,Plant_B,14,658,2.12766
2027-04-10,Plant_B,30,1262,2.37718
2027-04-11,Plant_B,8,651,1.22888
2027-04-12,Plant_B,30,1156,2.59516
2027-04-13,Plant_B,22,903,2.43632
2027-04-14,Plant_B,4,87,4.59770
2025-01-01,Plant_C,23,1122,2.04991
2025-01-02,Plant_C,13,713,1.82328
2025-01-03,Plant_C,21,1096,1.91606
2025-01-04,Plant_C,31,919,3.37323
2025-01-05,Plant_C,25,677,3.69276
2025-01-06,Plant_C,21,898,2.33853
2025-01-07,Plant_C,29,1241,2.33683
2025-01-08,Plant_C,22,1155,1.90476
2025-01-09,Plant_C,31,833,3.72149
2025-01-10,Plant_C,30,840,3.57143
2025-01-11,Plant_C,20,1763,1.13443
2025-01-12,Plant_C,16,1118,1.43113
2025-01-13,Plant_C,23,988,2.32794
2025-01-14,Plant_C,21,1183,1.77515
2025-01-15,Plant_C,24,1101,2.17984
2025-01-16,Plant_C,25,929,2.69107
2025-01-17,Plant_C,11,785,1.40127
2025-01-18,Plant_C,26,1080,2.40741
2025-01-19,Plant_C,11,431,2.55220
2025-01-20,Plant_C,35,1477,2.36967
2025-01-21,Plant_C,25,933,2.67953
2025-01-22,Plant_C,27,1166,2.31561
2025-01-23,Plant_C,16,723,2.21300
2025-01-24,Plant_C,19,842,2.25653
2025-01-25,Plant_C,24,849,2.82686
2025-01-26,Plant_C,31,1226,2.52855
2025-01-27,Plant_C,20,868,2.30415
2025-01-28,Plant_C,21,1082,1.94085
2025-01-29,Plant_C,37,1924,1.92308
2025-01-30,Plant_C,40,1156,3.46021
2025-01-31,Plant_C,20,1016,1.96850
2025-02-01,Plant_C,29,996,2.91165
2025-02-02,Plant_C,17,597,2.84757
2025-02-03,Plant_C,24,912,2.63158
2025-02-04,Plant_C,40,920,4.34783
2025-02-05,Plant_C,28,1071,2.61438
2025-02-06,Plant_C,21,970,2.16495
2025-02-07,Plant_C,17,641,2.65211
2025-02-08,Plant_C,13,963,1.34995
2025-02-09,Plant_C,25,913,2.73823
2025-02-10,Plant_C,20,666,3.00300
2025-02-11,Plant_C,27,1027,2.62902
2025-02-12,Plant_C,27,860,3.13953
2025-02-13,Plant_C,8,196,4.08163
2025-02-14,Plant_C,24,1146,2.09424
2025-02-15,Plant_C,22,720,3.05556
2025-02-16,Plant_C,20,786,2.54453
2025-02-17,Plant_C,10,698,1.43266
2025-02-18,Plant_C,19,683,2.78184
2025-02-19,Plant_C,30,1260,2.38095
2025-02-20,Plant_C,23,1284,1.79128
2025-02-21,Plant_C,18,860,2.09302
2025-02-22,Plant_C,11,660,1.66667
2025-02-23,Plant_C,39,1160,3.36207
2025-02-24,Plant_C,24,958,2.50522
2025-02-25,Plant_C,26,1056,2.46212
2025-02-26,Plant_C,39,1423,2.74069
2025-02-27,Plant_C,32,1406,2.27596
2025-02-28,Plant_C,26,1025,2.53659
2025-03-01,Plant_C,31,807,3.84139
2025-03-02,Plant_C,43,1646,2.61239
2025-03-03,Plant_C,37,1325,2.79245
2025-03-04,Plant_C,28,937,2.98826
2025-03-05,Plant_C,33,1347,2.44989
2025-03-06,Plant_C,17,1159,1.46678
2025-03-07,Plant_C,20,769,2.60078
2025-03-08,Plant_C,22,936,2.35043
2025-03-09,Plant_C,16,835,1.91617
2025-03-10,Plant_C,20,830,2.40964
2025-03-11,Plant_C,21,742,2.83019
2025-03-12,Plant_C,29,1178,2.46180
2025-03-13,Plant_C,16,952,1.68067
2025-03-14,Plant_C,33,1480,2.22973
2025-03-15,Plant_C,29,1215,2.38683
2025-03-16,Plant_C,9,776,1.15979
2025-03-17,Plant_C,26,897,2.89855
2025-03-18,Plant_C,33,1526,2.16252
2025-03-19,Plant_C,33,1712,1.92757
2025-03-20,Plant_C,22,787,2.79543
2025-03-21,Plant_C,18,752,2.39362
2025-03-22,Plant_C,11,648,1.69753
2025-03-23,Plant_C,14,652,2.14724
2025-03-24,Plant_C,27,848,3.18396
2025-03-25,Plant_C,14,786,1.78117
2025-03-26,Plant_C,28,1334,2.09895
2025-03-27,Plant_C,16,1027,1.55794
2025-03-28,Plant_C,31,1099,2.82075
2025-03-29,Plant_C,25,1288,1.94099
2025-03-30,Plant_C,26,1479,1.75794
2025-03-31,Plant_C,21,1046,2.00765
2025-04-01,Plant_C,31,1200,2.58333
2025-04-02,Plant_C,20,800,2.50000
2025-04-03,Plant_C,18,809,2.22497
2025-04-04,Plant_C,19,812,2.33990
2025-04-05,Plant_C,30,1796,1.67038
2025-04-06,Plant_C,40,1182,3.38409
2025-04-07,Plant_C,29,878,3.30296
2025-04-08,Plant_C,21,1250,1.68000
2025-04-09,Plant_C,20,935,2.13904
2025-04-10,Plant_C,29,1772,1.63657
2025-04-11,Plant_C,24,853,2.81360
2025-04-12,Plant_C,28,1449,1.93237
2025-04-13,Plant_C,12,485,2.47423
2025-04-14,Plant_C,29,1171,2.47652
2025-04-15,Plant_C,21,1154,1.81976
2025-04-16,Plant_C,30,1153,2.60191
2025-04-17,Plant_C,14,1034,1.35397
2025-04-18,Plant_C,18,853,2.11020
2025-04-19,Plant_C,26,1472,1.76630
2025-04-20,Plant_C,17,610,2.78689
2025-04-21,Plant_C,11,274,4.01460
2025-04-22,Plant_C,18,1071,1.68067
2025-04-23,Plant_C,27,1621,1.66564
2025-04-24,Plant_C,18,532,3.38346
2025-04-25,Plant_C,12,823,1.45808
2025-04-26,Plant_C,17,508,3.34646
2025-04-27,Plant_C,26,842,3.08789
2025-04-28,Plant_C,39,1321,2.95231
2025-04-29,Plant_C,31,1394,2.22382
2025-04-30,Plant_C,18,1011,1.78042
2025-05-01,Plant_C,24,1271,1.88828
2025-05-02,Plant_C,32,1163,2.75150
2025-05-03,Plant_C,33,1127,2.92813
2025-05-04,Plant_C,38,1335,2.84644
2025-05-05,Plant_C,38,1297,2.92984
2025-05-06,Plant_C,19,612,3.10458
2025-05-07,Plant_C,24,1110,2.16216
2025-05-08,Plant_C,21,1276,1.64577
2025-05-09,Plant_C,43,1496,2.87433
2025-05-10,Plant_C,22,468,4.70085
2025-05-11,Plant_C,28,715,3.91608
2025-05-12,Plant_C,15,537,2.79330
2025-05-13,Plant_C,25,1320,1.89394
2025-05-14,Plant_C,32,1660,1.92771
2025-05-15,Plant_C,25,1010,2.47525
2025-05-16,Plant_C,26,1270,2.04724
2025-05-17,Plant_C,15,624,2.40385
2025-05-18,Plant_C,22,1455,1.51203
2025-05-19,Plant_C,21,1178,1.78268
2025-05-20,Plant_C,27,729,3.70370
2025-05-21,Plant_C,36,1395,2.58065
2025-05-22,Plant_C,27,1157,2.33362
2025-05-23,Plant_C,18,719,2.50348
2025-05-24,Plant_C,34,1059,3.21058
2025-05-25,Plant_C,15,792,1.89394
2025-05-26,Plant_C,13,817,1.59119
2025-05-27,Plant_C,20,1145,1.74672
2025-05-28,Plant_C,31,1246,2.48796
2025-05-29,Plant_C,34,1215,2.79835
2025-05-30,Plant_C,25,791,3.16056
2025-05-31,Plant_C,22,859,2.56112
2025-06-01,Plant_C,8,484,1.65289
2025-06-02,Plant_C,23,1074,2.14153
2025-06-03,Plant_C,17,962,1.76715
2025-06-04,Plant_C,24,1033,2.32333
2025-06-05,Plant_C,38,1358,2.79823
2025-06-06,Plant_C,19,1058,1.79584
2025-06-07,Plant_C,18,676,2.66272
2025-06-08,Plant_C,21,734,2.86104
2025-06-09,Plant_C,20,705,2.83688
2025-06-10,Plant_C,35,1859,1.88273
2025-06-11,Plant_C,20,639,3.12989
2025-06-12,Plant_C,28,812,3.44828
2025-06-13,Plant_C,20,1126,1.77620
2025-06-14,Plant_C,25,842,2.96912
2025-06-15,Plant_C,28,973,2.87770
2025-06-16,Plant_C,17,645,2.63566
2025-06-17,Plant_C,11,923,1.19177
2025-06-18,Plant_C,22,764,2.87958
2025-06-19,Plant_C,15,664,2.25904
2025-06-20,Plant_C,39,1302,2.99539
2025-06-21,Plant_C,27,1230,2.19512
2025-06-22,Plant_C,28,1164,2.40550
2025-06-23,Plant_C,15,783,1.91571
2025-06-24,Plant_C,26,1432,1.81564
2025-06-25,Plant_C,21,743,2.82638
2025-06-26,Plant_C,22,961,2.28928
2025-06-27,Plant_C,22,1219,1.80476
2025-06-28,Plant_C,19,655,2.90076
2025-06-29,Plant_C,24,1091,2.19982
2025-06-30,Plant_C,36,1055,3.41232
2025-07-01,Plant_C,25,1038,2.40848
2025-07-02,Plant_C,25,883,2.83126
2025-07-03,Plant_C,22,986,2.23124
2025-07-04,Plant_C,37,1673,2.21160
2025-07-05,Plant_C,22,854,2.57611
2025-07-06,Plant_C,31,860,3.60465
2025-07-07,Plant_C,18,912,1.97368
2025-07-08,Plant_C,21,561,3.74332
2025-07-09,Plant_C,26,947,2.74551
2025-07-10,Plant_C,28,1049,2.66921
2025-07-11,Plant_C,23,952,2.41597
2025-07-12,Plant_C,17,879,1.93402
2025-07-13,Plant_C,31,1320,2.34848
2025-07-14,Plant_C,24,1020,2.35294
2025-07-15,Plant_C,19,977,1.94473
2025-07-16,Plant_C,24,1290,1.86047
2025-07-17,Plant_C,29,1528,1.89791
2025-07-18,Plant_C,7,211,3.31754
2025-07-19,Plant_C,25,878,2.84738
2025-07-20,Plant_C,21,940,2.23404
2025-07-21,Plant_C,9,589,1.52801
2025-07-22,Plant_C,21,1035,2.02899
2025-07-23,Plant_C,10,491,2.03666
2025-07-24,Plant_C,20,713,2.80505
2025-07-25,Plant_C,21,1022,2.05479
2025-07-26,Plant_C,18,757,2.37781
2025-07-27,Plant_C,33,861,3.83275
2025-07-28,Plant_C,20,766,2.61097
2025-07-29,Plant_C,16,905,1.76796
2025-07-30,Plant_C,47,1751,2.68418
2025-07-31,Plant_C,15,677,2.21566
2025-08-01,Plant_C,22,1012,2.17391
2025-08-02,Plant_C,23,1457,1.57859
2025-08-03,Plant_C,16,1093,1.46386
2025-08-04,Plant_C,39,1481,2.63336
2025-08-05,Plant_C,15,764,1.96335
2025-08-06,Plant_C,26,787,3.30368
2025-08-07,Plant_C,35,1294,2.70479
2025-08-08,Plant_C,21,642,3.27103
2025-08-09,Plant_C,19,1335,1.42322
2025-08-10,Plant_C,27,1125,2.40000
2025-08-11,Plant_C,26,1295,2.00772
2025-08-12,Plant_C,29,921,3.14875
2025-08-13,Plant_C,25,977,2.55885
2025-08-14,Plant_C,28,1216,2.30263
2025-08-15,Plant_C,18,691,2.60492
2025-08-16,Plant_C,30,1285,2.33463
2025-08-17,Plant_C,13,962,1.35135
2025-08-18,Plant_C,38,1285,2.95720
2025-08-19,Plant_C,19,663,2.86576
2025-08-20,Plant_C,19,709,2.67983
2025-08-21,Plant_C,27,1208,2.23510
2025-08-22,Plant_C,17,438,3.88128
2025-08-23,Plant_C,17,626,2.71565
2025-08-24,Plant_C,16,653,2.45023
2025-08-25,Plant_C,27,1241,2.17566
2025-08-26,Plant_C,25,1003,2.49252
2025-08-27,Plant_C,22,761,2.89093
2025-08-28,Plant_C,12,510,2.35294
2025-08-29,Plant_C,28,1081,2.59019
2025-08-30,Plant_C,38,2115,1.79669
2025-08-31,Plant_C,29,892,3.25112
2025-09-01,Plant_C,26,1260,2.06349
2025-09-02,Plant_C,18,1060,1.69811
2025-09-03,Plant_C,25,1206,2.07297
2025-09-04,Plant_C,19,985,1.92893
2025-09-05,Plant_C,23,841,2.73484
2025-09-06,Plant_C,17,982,1.73116
2025-09-07,Plant_C,24,1004,2.39044
2025-09-08,Plant_C,27,934,2.89079
2025-09-09,Plant_C,24,1118,2.14669
2025-09-10,Plant_C,36,1558,2.31065
2025-09-11,Plant_C,18,924,1.94805
2025-09-12,Plant_C,31,1036,2.99228
2025-09-13,Plant_C,21,654,3.21101
2025-09-14,Plant_C,15,566,2.65018
2025-09-15,Plant_C,27,1094,2.46801
2025-09-16,Plant_C,36,1189,3.02775
2025-09-17,Plant_C,23,1041,2.20941
2025-09-18,Plant_C,16,693,2.30880
2025-09-19,Plant_C,17,1110,1.53153
2025-09-20,Plant_C,7,475,1.47368
2025-09-21,Plant_C,14,1034,1.35397
2025-09-22,Plant_C,14,989,1.41557
2025-09-23,Plant_C,20,842,2.37530
2025-09-24,Plant_C,34,1093,3.11070
2025-09-25,Plant_C,16,936,1.70940
2025-09-26,Plant_C,34,1562,2.17670
2025-09-27,Plant_C,22,1206,1.82421
2025-09-28,Plant_C,27,1132,2.38516
2025-09-29,Plant_C,35,1100,3.18182
2025-09-30,Plant_C,18,1119,1.60858
2025-10-01,Plant_C,17,1378,1.23367
2025-10-02,Plant_C,17,1057,1.60833
2025-10-03,Plant_C,28,1004,2.78884
2025-10-04,Plant_C,27,545,4.95413
2025-10-05,Plant_C,30,1157,2.59291
2025-10-06,Plant_C,27,1538,1.75553
2025-10-07,Plant_C,31,1281,2.41998
2025-10-08,Plant_C,34,1044,3.25670
2025-10-09,Plant_C,33,1277,2.58418
2025-10-10,Plant_C,31,1503,2.06254
2025-10-11,Plant_C,12,621,1.93237
2025-10-12,Plant_C,19,1248,1.52244
2025-10-13,Plant_C,16,1098,1.45719
2025-10-14,Plant_C,21,1071,1.96078
2025-10-15,Plant_C,28,821,3.41048
2025-10-16,Plant_C,29,1033,2.80736
2025-10-17,Plant_C,17,816,2.08333
2025-10-18,Plant_C,3,373,0.80429
2025-10-19,Plant_C,31,1345,2.30483
2025-10-20,Plant_C,37,1389,2.66379
2025-10-21,Plant_C,22,667,3.29835
2025-10-22,Plant_C,25,1301,1.92160
2025-10-23,Plant_C,28,1317,2.12604
2025-10-24,Plant_C,20,1052,1.90114
2025-10-25,Plant_C,22,824,2.66990
2025-10-26,Plant_C,23,905,2.54144
2025-10-27,Plant_C,22,991,2.21998
2025-10-28,Plant_C,17,374,4.54545
2025-10-29,Plant_C,29,1682,1.72414
2025-10-30,Plant_C,19,852,2.23005
2025-10-31,Plant_C,23,1098,2.09472
2025-11-01,Plant_C,30,1399,2.14439
2025-11-02,Plant_C,21,953,2.20357
2025-11-03,Plant_C,28,1084,2.58303
2025-11-04,Plant_C,19,996,1.90763
2025-11-05,Plant_C,22,1128,1.95035
2025-11-06,Plant_C,35,1632,2.14461
2025-11-07,Plant_C,12,442,2.71493
2025-11-08,Plant_C,27,970,2.78351
2025-11-09,Plant_C,16,830,1.92771
2025-11-10,Plant_C,25,1367,1.82882
2025-11-11,Plant_C,18,638,2.82132
2025-11-12,Plant_C,32,858,3.72960
2025-11-13,Plant_C,19,876,2.16895
2025-11-14,Plant_C,32,1160,2.75862
2025-11-15,Plant_C,20,611,3.27332
2025-11-16,Plant_C,8,458,1.74672
2025-11-17,Plant_C,31,1241,2.49799
2025-11-18,Plant_C,7,311,2.25080
2025-11-19,Plant_C,24,1125,2.13333
2025-11-20,Plant_C,14,806,1.73697
2025-11-21,Plant_C,24,1322,1.81543
2025-11-22,Plant_C,41,1581,2.59330
2025-11-23,Plant_C,15,514,2.91829
2025-11-24,Plant_C,24,1110,2.16216
2025-11-25,Plant_C,23,1061,2.16777
2025-11-26,Plant_C,18,643,2.79938
2025-11-27,Plant_C,23,766,3.00261
2025-11-28,Plant_C,46,1263,3.64212
2025-11-29,Plant_C,26,803,3.23786
2025-11-30,Plant_C,28,1384,2.02312
2025-12-01,Plant_C,29,1094,2.65082
2025-12-02,Plant_C,26,770,3.37662
2025-12-03,Plant_C,41,1067,3.84255
2025-12-04,Plant_C,20,707,2.82885
2025-12-05,Plant_C,23,1596,1.44110
2025-12-06,Plant_C,18,875,2.05714
2025-12-07,Plant_C,35,1114,3.14183
2025-12-08,Plant_C,24,616,3.89610
2025-12-09,Plant_C,28,831,3.36943
2025-12-10,Plant_C,29,875,3.31429
2025-12-11,Plant_C,29,1597,1.81590
2025-12-12,Plant_C,27,1045,2.58373
2025-12-13,Plant_C,25,1357,1.84230
2025-12-14,Plant_C,23,1128,2.03901
2025-12-15,Plant_C,19,904,2.10177
2025-12-16,Plant_C,39,1356,2.87611
2025-12-17,Plant_C,9,542,1.66052
2025-12-18,Plant_C,19,590,3.22034
2025-12-19,Plant_C,29,792,3.66162
2025-12-20,Plant_C,18,1029,1.74927
2025-12-21,Plant_C,19,640,2.96875
2025-12-22,Plant_C,37,1160,3.18966
2025-12-23,Plant_C,33,1315,2.50951
2025-12-24,Plant_C,17,808,2.10396
2025-12-25,Plant_C,18,753,2.39044
2025-12-26,Plant_C,44,1688,2.60664
2025-12-27,Plant_C,22,739,2.97700
2025-12-28,Plant_C,24,905,2.65193
2025-12-29,Plant_C,25,1143,2.18723
2025-12-30,Plant_C,27,756,3.57143
2025-12-31,Plant_C,15,765,1.96078
2026-01-01,Plant_C,12,881,1.36209
2026-01-02,Plant_C,20,995,2.01005
2026-01-03,Plant_C,32,1074,2.97952
2026-01-04,Plant_C,23,804,2.86070
2026-01-05,Plant_C,26,1006,2.58449
2026-01-06,Plant_C,28,984,2.84553
2026-01-07,Plant_C,13,568,2.28873
2026-01-08,Plant_C,5,279,1.79211
2026-01-09,Plant_C,27,1167,2.31362
2026-01-10,Plant_C,26,1104,2.35507
2026-01-11,Plant_C,31,1120,2.76786
2026-01-12,Plant_C,30,1013,2.96150
2026-01-13,Plant_C,18,1595,1.12853
2026-01-14,Plant_C,14,503,2.78330
2026-01-15,Plant_C,20,622,3.21543
2026-01-16,Plant_C,36,1406,2.56046
2026-01-17,Plant_C,25,946,2.64271
2026-01-18,Plant_C,64,1883,3.39883
2026-01-19,Plant_C,36,1298,2.77350
2026-01-20,Plant_C,27,938,2.87846
2026-01-21,Plant_C,13,855,1.52047
2026-01-22,Plant_C,13,844,1.54028
2026-01-23,Plant_C,39,1378,2.83019
2026-01-24,Plant_C,18,471,3.82166
2026-01-25,Plant_C,27,1211,2.22956
2026-01-26,Plant_C,21,741,2.83401
2026-01-27,Plant_C,27,1041,2.59366
2026-01-28,Plant_C,28,1325,2.11321
2026-01-29,Plant_C,29,1175,2.46809
2026-01-30,Plant_C,21,1009,2.08127
2026-01-31,Plant_C,30,1086,2.76243
2026-02-01,Plant_C,25,945,2.64550
2026-02-02,Plant_C,12,552,2.17391
2026-02-03,Plant_C,11,464,2.37069
2026-02-04,Plant_C,33,676,4.88166
2026-02-05,Plant_C,19,684,2.77778
2026-02-06,Plant_C,35,1318,2.65554
2026-02-07,Plant_C,27,920,2.93478
2026-02-08,Plant_C,35,1575,2.22222
2026-02-09,Plant_C,30,1398,2.14592
2026-02-10,Plant_C,23,1067,2.15558
2026-02-11,Plant_C,23,701,3.28103
2026-02-12,Plant_C,16,645,2.48062
2026-02-13,Plant_C,32,1086,2.94659
2026-02-14,Plant_C,33,1244,2.65273
2026-02-15,Plant_C,21,892,2.35426
2026-02-16,Plant_C,19,1187,1.60067
2026-02-17,Plant_C,20,1037,1.92864
2026-02-18,Plant_C,12,672,1.78571
2026-02-19,Plant_C,35,1462,2.39398
2026-02-20,Plant_C,18,689,2.61248
2026-02-21,Plant_C,28,981,2.85423
2026-02-22,Plant_C,26,1229,2.11554
2026-02-23,Plant_C,25,872,2.86697
2026-02-24,Plant_C,39,1512,2.57937
2026-02-25,Plant_C,26,1038,2.50482
2026-02-26,Plant_C,13,624,2.08333
2026-02-27,Plant_C,28,629,4.45151
2026-02-28,Plant_C,16,654,2.44648
2026-03-01,Plant_C,18,450,4.00000
2026-03-02,Plant_C,16,704,2.27273
2026-03-03,Plant_C,21,1093,1.92132
2026-03-04,Plant_C,26,860,3.02326
2026-03-05,Plant_C,23,935,2.45989
2026-03-06,Plant_C,22,1222,1.80033
2026-03-07,Plant_C,36,1286,2.79938
2026-03-08,Plant_C,23,1021,2.25269
2026-03-09,Plant_C,14,661,2.11800
2026-03-10,Plant_C,39,1538,2.53576
2026-03-11,Plant_C,12,822,1.45985
2026-03-12,Plant_C,4,313,1.27796
2026-03-13,Plant_C,17,556,3.05755
2026-03-14,Plant_C,37,1534,2.41199
2026-03-15,Plant_C,28,1346,2.08024
2026-03-16,Plant_C,19,949,2.00211
2026-03-17,Plant_C,18,821,2.19245
2026-03-18,Plant_C,24,1077,2.22841
2026-03-19,Plant_C,27,934,2.89079
2026-03-20,Plant_C,25,913,2.73823
2026-03-21,Plant_C,25,1195,2.09205
2026-03-22,Plant_C,24,1003,2.39282
2026-03-23,Plant_C,24,1185,2.02532
2026-03-24,Plant_C,12,354,3.38983
2026-03-25,Plant_C,42,1781,2.35823
2026-03-26,Plant_C,16,700,2.28571
2026-03-27,Plant_C,27,1284,2.10280
2026-03-28,Plant_C,20,572,3.49650
2026-03-29,Plant_C,26,1094,2.37660
2026-03-30,Plant_C,26,1136,2.28873
2026-03-31,Plant_C,24,1072,2.23881
2026-04-01,Plant_C,35,1456,2.40385
2026-04-02,Plant_C,15,1139,1.31694
2026-04-03,Plant_C,28,1440,1.94444
2026-04-04,Plant_C,15,1105,1.35747
2026-04-05,Plant_C,15,731,2.05198
2026-04-06,Plant_C,19,746,2.54692
2026-04-07,Plant_C,25,1356,1.84366
2026-04-08,Plant_C,35,895,3.91061
2026-04-09,Plant_C,20,739,2.70636
2026-04-10,Plant_C,41,1021,4.01567
2026-04-11,Plant_C,22,701,3.13837
2026-04-12,Plant_C,22,1025,2.14634
2026-04-13,Plant_C,15,619,2.42326
2026-04-14,Plant_C,42,1354,3.10192
2026-04-15,Plant_C,8,644,1.24224
2026-04-16,Plant_C,35,1294,2.70479
2026-04-17,Plant_C,9,664,1.35542
2026-04-18,Plant_C,29,648,4.47531
2026-04-19,Plant_C,25,979,2.55363
2026-04-20,Plant_C,29,1084,2.67528
2026-04-21,Plant_C,50,1982,2.52270
2026-04-22,Plant_C,35,1079,3.24374
2026-04-23,Plant_C,23,983,2.33978
2026-04-24,Plant_C,6,168,3.57143
2026-04-25,Plant_C,42,1166,3.60206
2026-04-26,Plant_C,17,948,1.79325
2026-04-27,Plant_C,28,1297,2.15883
2026-04-28,Plant_C,33,1486,2.22073
2026-04-29,Plant_C,49,1430,3.42657
2026-04-30,Plant_C,28,1026,2.72904
2026-05-01,Plant_C,18,992,1.81452
2026-05-02,Plant_C,14,633,2.21169
2026-05-03,Plant_C,19,758,2.50660
2026-05-04,Plant_C,14,725,1.93103
2026-05-05,Plant_C,32,1148,2.78746
2026-05-06,Plant_C,29,1033,2.80736
2026-05-07,Plant_C,12,749,1.60214
2026-05-08,Plant_C,16,677,2.36337
2026-05-09,Plant_C,17,487,3.49076
2026-05-10,Plant_C,16,966,1.65631
2026-05-11,Plant_C,14,647,2.16383
2026-05-12,Plant_C,12,665,1.80451
2026-05-13,Plant_C,34,1015,3.34975
2026-05-14,Plant_C,23,969,2.37358
2026-05-15,Plant_C,25,748,3.34225
2026-05-16,Plant_C,25,1082,2.31054
2026-05-17,Plant_C,10,453,2.20751
2026-05-18,Plant_C,37,1774,2.08568
2026-05-19,Plant_C,23,822,2.79805
2026-05-20,Plant_C,35,1361,2.57164
2026-05-21,Plant_C,15,720,2.08333
2026-05-22,Plant_C,39,1140,3.42105
2026-05-23,Plant_C,19,691,2.74964
2026-05-24,Plant_C,22,726,3.03030
2026-05-25,Plant_C,22,1014,2.16963
2026-05-26,Plant_C,21,733,2.86494
2026-05-27,Plant_C,24,1042,2.30326
2026-05-28,Plant_C,16,825,1.93939
2026-05-29,Plant_C,22,494,4.45344
2026-05-30,Plant_C,4,174,2.29885
2026-05-31,Plant_C,28,1054,2.65655
2026-06-01,Plant_C,33,1218,2.70936
2026-06-02,Plant_C,25,869,2.87687
2026-06-03,Plant_C,7,223,3.13901
2026-06-04,Plant_C,26,895,2.90503
2026-06-05,Plant_C,23,843,2.72835
2026-06-06,Plant_C,20,843,2.37248
2026-06-07,Plant_C,15,1046,1.43403
2026-06-08,Plant_C,14,840,1.66667
2026-06-09,Plant_C,11,519,2.11946
2026-06-10,Plant_C,36,1183,3.04311
2026-06-11,Plant_C,26,1127,2.30701
2026-06-12,Plant_C,36,891,4.04040
2026-06-13,Plant_C,21,846,2.48227
2026-06-14,Plant_C,20,934,2.14133
2026-06-15,Plant_C,13,817,1.59119
2026-06-16,Plant_C,32,1072,2.98507
2026-06-17,Plant_C,29,1324,2.19033
2026-06-18,Plant_C,14,742,1.88679
2026-06-19,Plant_C,8,473,1.69133
2026-06-20,Plant_C,34,944,3.60169
2026-06-21,Plant_C,24,971,2.47168
2026-06-22,Plant_C,12,675,1.77778
2026-06-23,Plant_C,43,1232,3.49026
2026-06-24,Plant_C,17,916,1.85590
2026-06-25,Plant_C,16,948,1.68776
2026-06-26,Plant_C,9,690,1.30435
2026-06-27,Plant_C,17,687,2.47453
2026-06-28,Plant_C,22,639,3.44288
2026-06-29,Plant_C,25,1313,1.90404
2026-06-30,Plant_C,14,755,1.85430
2026-07-01,Plant_C,29,978,2.96524
2026-07-02,Plant_C,20,922,2.16920
2026-07-03,Plant_C,21,1301,1.61414
2026-07-04,Plant_C,17,732,2.32240
2026-07-05,Plant_C,10,698,1.43266
2026-07-06,Plant_C,27,1416,1.90678
2026-07-07,Plant_C,19,514,3.69650
2026-07-08,Plant_C,21,1308,1.60550
2026-07-09,Plant_C,16,703,2.27596
2026-07-10,Plant_C,14,596,2.34899
2026-07-11,Plant_C,27,1332,2.02703
2026-07-12,Plant_C,25,1110,2.25225
2026-07-13,Plant_C,10,349,2.86533
2026-07-14,Plant_C,51,1561,3.26714
2026-07-15,Plant_C,29,1240,2.33871
2026-07-16,Plant_C,12,767,1.56454
2026-07-17,Plant_C,25,1279,1.95465
2026-07-18,Plant_C,13,595,2.18487
2026-07-19,Plant_C,16,1012,1.58103
2026-07-20,Plant_C,12,859,1.39697
2026-07-21,Plant_C,14,656,2.13415
2026-07-22,Plant_C,11,678,1.62242
2026-07-23,Plant_C,31,1000,3.10000
2026-07-24,Plant_C,16,909,1.76018
2026-07-25,Plant_C,28,1283,2.18239
2026-07-26,Plant_C,33,808,4.08416
2026-07-27,Plant_C,10,539,1.85529
2026-07-28,Plant_C,7,398,1.75879
2026-07-29,Plant_C,30,1156,2.59516
2026-07-30,Plant_C,24,1080,2.22222
2026-07-31,Plant_C,22,544,4.04412
2026-08-01,Plant_C,20,748,2.67380
2026-08-02,Plant_C,34,1467,2.31766
2026-08-03,Plant_C,38,1880,2.02128
2026-08-04,Plant_C,27,877,3.07868
2026-08-05,Plant_C,15,682,2.19941
2026-08-06,Plant_C,19,862,2.20418
2026-08-07,Plant_C,9,617,1.45867
2026-08-08,Plant_C,17,720,2.36111
2026-08-09,Plant_C,28,960,2.91667
2026-08-10,Plant_C,26,1063,2.44591
2026-08-11,Plant_C,23,791,2.90771
2026-08-12,Plant_C,42,1273,3.29929
2026-08-13,Plant_C,26,1447,1.79682
2026-08-14,Plant_C,19,511,3.71820
2026-08-15,Plant_C,8,242,3.30579
2026-08-16,Plant_C,10,562,1.77936
2026-08-17,Plant_C,33,1566,2.10728
2026-08-18,Plant_C,22,1061,2.07352
2026-08-19,Plant_C,28,1483,1.88806
2026-08-20,Plant_C,29,954,3.03983
2026-08-21,Plant_C,21,897,2.34114
2026-08-22,Plant_C,27,1137,2.37467
2026-08-23,Plant_C,16,787,2.03304
2026-08-24,Plant_C,21,975,2.15385
2026-08-25,Plant_C,19,829,2.29192
2026-08-26,Plant_C,13,403,3.22581
2026-08-27,Plant_C,24,755,3.17881
2026-08-28,Plant_C,29,1156,2.50865
2026-08-29,Plant_C,23,576,3.99306
2026-08-30,Plant_C,10,692,1.44509
2026-08-31,Plant_C,18,417,4.31655
2026-09-01,Plant_C,26,1355,1.91882
2026-09-02,Plant_C,25,761,3.28515
2026-09-03,Plant_C,36,1118,3.22004
2026-09-04,Plant_C,16,1311,1.22044
2026-09-05,Plant_C,29,759,3.82082
2026-09-06,Plant_C,14,584,2.39726
2026-09-07,Plant_C,21,1044,2.01149
2026-09-08,Plant_C,21,1130,1.85841
2026-09-09,Plant_C,28,1180,2.37288
2026-09-10,Plant_C,27,864,3.12500
2026-09-11,Plant_C,15,517,2.90135
2026-09-12,Plant_C,19,792,2.39899
2026-09-13,Plant_C,29,1307,2.21882
2026-09-14,Plant_C,29,1189,2.43902
2026-09-15,Plant_C,11,596,1.84564
2026-09-16,Plant_C,27,748,3.60963
2026-09-17,Plant_C,29,1052,2.75665
2026-09-18,Plant_C,22,953,2.30850
2026-09-19,Plant_C,24,958,2.50522
2026-09-20,Plant_C,27,1387,1.94665
2026-09-21,Plant_C,27,1325,2.03774
2026-09-22,Plant_C,20,962,2.07900
2026-09-23,Plant_C,16,983,1.62767
2026-09-24,Plant_C,27,1261,2.14116
2026-09-25,Plant_C,25,1108,2.25632
2026-09-26,Plant_C,29,1327,2.18538
2026-09-27,Plant_C,38,1406,2.70270
2026-09-28,Plant_C,25,592,4.22297
2026-09-29,Plant_C,19,889,2.13723
2026-09-30,Plant_C,23,1463,1.57211
2026-10-01,Plant_C,42,1834,2.29008
2026-10-02,Plant_C,14,462,3.03030
2026-10-03,Plant_C,24,947,2.53432
2026-10-04,Plant_C,34,1231,2.76198
2026-10-05,Plant_C,18,1051,1.71265
2026-10-06,Plant_C,22,833,2.64106
2026-10-07,Plant_C,19,1000,1.90000
2026-10-08,Plant_C,24,1072,2.23881
2026-10-09,Plant_C,29,1271,2.28167
2026-10-10,Plant_C,31,1401,2.21271
2026-10-11,Plant_C,26,1154,2.25303
2026-10-12,Plant_C,26,985,2.63959
2026-10-13,Plant_C,30,1251,2.39808
2026-10-14,Plant_C,15,594,2.52525
2026-10-15,Plant_C,30,982,3.05499
2026-10-16,Plant_C,22,1058,2.07940
2026-10-17,Plant_C,33,1145,2.88210
2026-10-18,Plant_C,18,755,2.38411
2026-10-19,Plant_C,19,1017,1.86824
2026-10-20,Plant_C,19,1044,1.81992
2026-10-21,Plant_C,25,1018,2.45580
2026-10-22,Plant_C,11,229,4.80349
2026-10-23,Plant_C,16,892,1.79372
2026-10-24,Plant_C,24,1326,1.80995
2026-10-25,Plant_C,23,782,2.94118
2026-10-26,Plant_C,33,1245,2.65060
2026-10-27,Plant_C,22,778,2.82776
2026-10-28,Plant_C,28,987,2.83688
2026-10-29,Plant_C,20,1183,1.69062
2026-10-30,Plant_C,28,929,3.01399
2026-10-31,Plant_C,18,983,1.83113
2026-11-01,Plant_C,21,648,3.24074
2026-11-02,Plant_C,30,1184,2.53378
2026-11-03,Plant_C,31,1275,2.43137
2026-11-04,Plant_C,31,1329,2.33258
2026-11-05,Plant_C,28,1288,2.17391
2026-11-06,Plant_C,24,972,2.46914
2026-11-07,Plant_C,21,930,2.25806
2026-11-08,Plant_C,24,1005,2.38806
2026-11-09,Plant_C,9,468,1.92308
2026-11-10,Plant_C,36,1461,2.46407
2026-11-11,Plant_C,28,1215,2.30453
2026-11-12,Plant_C,43,1275,3.37255
2026-11-13,Plant_C,25,863,2.89687
2026-11-14,Plant_C,18,824,2.18447
2026-11-15,Plant_C,13,459,2.83224
2026-11-16,Plant_C,30,1120,2.67857
2026-11-17,Plant_C,30,1088,2.75735
2026-11-18,Plant_C,18,1113,1.61725
2026-11-19,Plant_C,25,1219,2.05086
2026-11-20,Plant_C,18,545,3.30275
2026-11-21,Plant_C,15,1016,1.47638
2026-11-22,Plant_C,22,1090,2.01835
2026-11-23,Plant_C,29,1122,2.58467
2026-11-24,Plant_C,10,304,3.28947
2026-11-25,Plant_C,35,1074,3.25885
2026-11-26,Plant_C,34,1284,2.64798
2026-11-27,Plant_C,12,385,3.11688
2026-11-28,Plant_C,16,949,1.68599
2026-11-29,Plant_C,25,893,2.79955
2026-11-30,Plant_C,24,928,2.58621
2026-12-01,Plant_C,30,1050,2.85714
2026-12-02,Plant_C,22,855,2.57310
2026-12-03,Plant_C,21,1064,1.97368
2026-12-04,Plant_C,19,718,2.64624
2026-12-05,Plant_C,37,1040,3.55769
2026-12-06,Plant_C,37,1415,2.61484
2026-12-07,Plant_C,9,384,2.34375
2026-12-08,Plant_C,26,902,2.88248
2026-12-09,Plant_C,15,738,2.03252
2026-12-10,Plant_C,14,626,2.23642
2026-12-11,Plant_C,18,966,1.86335
2026-12-12,Plant_C,18,1051,1.71265
2026-12-13,Plant_C,21,822,2.55474
2026-12-14,Plant_C,17,1218,1.39573
2026-12-15,Plant_C,38,1395,2.72401
2026-12-16,Plant_C,19,706,2.69122
2026-12-17,Plant_C,24,1251,1.91847
2026-12-18,Plant_C,24,967,2.48190
2026-12-19,Plant_C,16,1171,1.36635
2026-12-20,Plant_C,31,1104,2.80797
2026-12-21,Plant_C,16,671,2.38450
2026-12-22,Plant_C,17,553,3.07414
2026-12-23,Plant_C,24,1062,2.25989
2026-12-24,Plant_C,30,1744,1.72018
2026-12-25,Plant_C,27,1240,2.17742
2026-12-26,Plant_C,36,1253,2.87310
2026-12-27,Plant_C,19,631,3.01109
2026-12-28,Plant_C,25,970,2.57732
2026-12-29,Plant_C,21,693,3.03030
2026-12-30,Plant_C,25,1078,2.31911
2026-12-31,Plant_C,24,960,2.50000
2027-01-01,Plant_C,29,1434,2.02232
2027-01-02,Plant_C,44,1668,2.63789
2027-01-03,Plant_C,14,654,2.14067
2027-01-04,Plant_C,39,1279,3.04926
2027-01-05,Plant_C,21,880,2.38636
2027-01-06,Plant_C,32,1418,2.25670
2027-01-07,Plant_C,19,820,2.31707
2027-01-08,Plant_C,25,1111,2.25023
2027-01-09,Plant_C,20,1145,1.74672
2027-01-10,Plant_C,19,814,2.33415
2027-01-11,Plant_C,22,556,3.95683
2027-01-12,Plant_C,25,1101,2.27066
2027-01-13,Plant_C,47,1746,2.69187
2027-01-14,Plant_C,21,912,2.30263
2027-01-15,Plant_C,47,1919,2.44919
2027-01-16,Plant_C,10,542,1.84502
2027-01-17,Plant_C,28,903,3.10078
2027-01-18,Plant_C,26,958,2.71399
2027-01-19,Plant_C,16,816,1.96078
2027-01-20,Plant_C,13,861,1.50987
2027-01-21,Plant_C,12,734,1.63488
2027-01-22,Plant_C,21,1157,1.81504
2027-01-23,Plant_C,37,1200,3.08333
2027-01-24,Plant_C,24,1118,2.14669
2027-01-25,Plant_C,30,883,3.39751
2027-01-26,Plant_C,10,639,1.56495
2027-01-27,Plant_C,23,831,2.76775
2027-01-28,Plant_C,33,933,3.53698
2027-01-29,Plant_C,15,815,1.84049
2027-01-30,Plant_C,22,1062,2.07156
2027-01-31,Plant_C,17,759,2.23979
2027-02-01,Plant_C,28,895,3.12849
2027-02-02,Plant_C,32,1707,1.87463
2027-02-03,Plant_C,9,521,1.72745
2027-02-04,Plant_C,32,1234,2.59319
2027-02-05,Plant_C,34,1119,3.03843
2027-02-06,Plant_C,23,776,2.96392
2027-02-07,Plant_C,29,1071,2.70775
2027-02-08,Plant_C,20,888,2.25225
2027-02-09,Plant_C,14,755,1.85430
2027-02-10,Plant_C,31,1377,2.25127
2027-02-11,Plant_C,24,1225,1.95918
2027-02-12,Plant_C,23,649,3.54391
2027-02-13,Plant_C,25,1322,1.89107
2027-02-14,Plant_C,14,1024,1.36719
2027-02-15,Plant_C,16,590,2.71186
2027-02-16,Plant_C,25,1048,2.38550
2027-02-17,Plant_C,25,1334,1.87406
2027-02-18,Plant_C,28,1500,1.86667
2027-02-19,Plant_C,22,1172,1.87713
2027-02-20,Plant_C,27,757,3.56671
2027-02-21,Plant_C,15,902,1.66297
2027-02-22,Plant_C,22,863,2.54925
2027-02-23,Plant_C,14,635,2.20472
2027-02-24,Plant_C,13,751,1.73103
2027-02-25,Plant_C,21,736,2.85326
2027-02-26,Plant_C,15,828,1.81159
2027-02-27,Plant_C,24,716,3.35196
2027-02-28,Plant_C,27,1144,2.36014
2027-03-01,Plant_C,21,840,2.50000
2027-03-02,Plant_C,16,675,2.37037
2027-03-03,Plant_C,26,1281,2.02966
2027-03-04,Plant_C,35,1638,2.13675
2027-03-05,Plant_C,32,1305,2.45211
2027-03-06,Plant_C,37,1193,3.10142
2027-03-07,Plant_C,35,1365,2.56410
2027-03-08,Plant_C,14,964,1.45228
2027-03-09,Plant_C,26,1245,2.08835
2027-03-10,Plant_C,15,754,1.98939
2027-03-11,Plant_C,43,1394,3.08465
2027-03-12,Plant_C,24,1149,2.08877
2027-03-13,Plant_C,25,1092,2.28938
2027-03-14,Plant_C,13,934,1.39186
2027-03-15,Plant_C,23,884,2.60181
2027-03-16,Plant_C,28,1123,2.49332
2027-03-17,Plant_C,26,880,2.95455
2027-03-18,Plant_C,35,1529,2.28908
2027-03-19,Plant_C,23,951,2.41851
2027-03-20,Plant_C,31,1790,1.73184
2027-03-21,Plant_C,23,1289,1.78433
2027-03-22,Plant_C,27,915,2.95082
2027-03-23,Plant_C,9,1006,0.89463
2027-03-24,Plant_C,26,878,2.96128
2027-03-25,Plant_C,25,1085,2.30415
2027-03-26,Plant_C,16,609,2.62726
2027-03-27,Plant_C,38,1249,3.04243
2027-03-28,Plant_C,12,812,1.47783
2027-03-29,Plant_C,43,1142,3.76532
2027-03-30,Plant_C,25,1239,2.01776
2027-03-31,Plant_C,5,426,1.17371
2027-04-01,Plant_C,43,1852,2.32181
2027-04-02,Plant_C,10,523,1.91205
2027-04-03,Plant_C,22,684,3.21637
2027-04-04,Plant_C,31,1381,2.24475
2027-04-05,Plant_C,22,841,2.61593
2027-04-06,Plant_C,20,809,2.47219
2027-04-07,Plant_C,15,864,1.73611
2027-04-08,Plant_C,16,603,2.65340
2027-04-09,Plant_C,20,1332,1.50150
2027-04-10,Plant_C,18,620,2.90323
2027-04-11,Plant_C,40,1343,2.97841
2027-04-12,Plant_C,27,1323,2.04082
2027-04-13,Plant_C,29,1052,2.75665
2027-04-14,Plant_C,9,505,1.78218
