Date,Plant,DefectRate,Rolling_7Day_Avg_DefectRate
2025-01-01,Plant_A,2.67943,2.679430000
2025-01-02,Plant_A,2.13235,2.405890000
2025-01-03,Plant_A,2.39596,2.402580000
2025-01-04,Plant_A,2.97483,2.545642500
2025-01-05,Plant_A,3.10284,2.657082000
2025-01-06,Plant_A,2.52480,2.635035000
2025-01-07,Plant_A,2.11361,2.560545714
2025-01-08,Plant_A,2.26155,2.500848571
2025-01-09,Plant_A,2.97674,2.621475714
2025-01-10,Plant_A,1.69492,2.521327142
2025-01-11,Plant_A,3.03867,2.530447142
2025-01-12,Plant_A,3.87097,2.640180000
2025-01-13,Plant_A,3.14815,2.729230000
2025-01-14,Plant_A,3.63248,2.946211428
2025-01-15,Plant_A,2.26391,2.946548571
2025-01-16,Plant_A,2.03209,2.811598571
2025-01-17,Plant_A,1.98582,2.853155714
2025-01-18,Plant_A,2.85714,2.827222857
2025-01-19,Plant_A,3.09704,2.716661428
2025-01-20,Plant_A,2.00000,2.552640000
2025-01-21,Plant_A,2.06074,2.328105714
2025-01-22,Plant_A,2.05850,2.298761428
2025-01-23,Plant_A,1.75707,2.259472857
2025-01-24,Plant_A,3.24385,2.439191428
2025-01-25,Plant_A,2.96053,2.453961428
2025-01-26,Plant_A,2.09581,2.310928571
2025-01-27,Plant_A,1.87019,2.292384285
2025-01-28,Plant_A,2.35741,2.334765714
2025-01-29,Plant_A,1.85449,2.305621428
2025-01-30,Plant_A,1.96780,2.335725714
2025-01-31,Plant_A,2.26629,2.196074285
2025-02-01,Plant_A,1.68440,2.013770000
2025-02-02,Plant_A,2.02381,2.003484285
2025-02-03,Plant_A,2.17009,2.046327142
2025-02-04,Plant_A,3.15985,2.160961428
2025-02-05,Plant_A,2.25564,2.218268571
2025-02-06,Plant_A,2.27790,2.262568571
2025-02-07,Plant_A,4.18118,2.536124285
2025-02-08,Plant_A,2.40137,2.638548571
2025-02-09,Plant_A,1.96560,2.630232857
2025-02-10,Plant_A,3.36808,2.801374285
2025-02-11,Plant_A,2.63789,2.726808571
2025-02-12,Plant_A,2.70979,2.791687142
2025-02-13,Plant_A,3.52682,2.970104285
2025-02-14,Plant_A,2.12766,2.676744285
2025-02-15,Plant_A,1.80316,2.591285714
2025-02-16,Plant_A,2.16285,2.619464285
2025-02-17,Plant_A,1.88034,2.406930000
2025-02-18,Plant_A,2.62295,2.404795714
2025-02-19,Plant_A,2.64798,2.395965714
2025-02-20,Plant_A,2.48016,2.246442857
2025-02-21,Plant_A,2.85285,2.350041428
2025-02-22,Plant_A,2.93399,2.511588571
2025-02-23,Plant_A,1.99063,2.486985714
2025-02-24,Plant_A,3.72807,2.750947142
2025-02-25,Plant_A,2.65226,2.755134285
2025-02-26,Plant_A,2.39774,2.719385714
2025-02-27,Plant_A,0.95847,2.502001428
2025-02-28,Plant_A,1.76263,2.346255714
2025-03-01,Plant_A,2.66160,2.307342857
2025-03-02,Plant_A,2.99296,2.450532857
2025-03-03,Plant_A,2.12264,2.221185714
2025-03-04,Plant_A,1.85449,2.107218571
2025-03-05,Plant_A,2.53906,2.127407142
2025-03-06,Plant_A,2.25410,2.312497142
2025-03-07,Plant_A,2.67112,2.442281428
2025-03-08,Plant_A,2.74247,2.453834285
2025-03-09,Plant_A,2.43191,2.373684285
2025-03-10,Plant_A,2.17252,2.380810000
2025-03-11,Plant_A,3.61156,2.631820000
2025-03-12,Plant_A,2.21154,2.585031428
2025-03-13,Plant_A,2.61682,2.636848571
2025-03-14,Plant_A,2.84810,2.662131428
2025-03-15,Plant_A,2.49221,2.626380000
2025-03-16,Plant_A,2.54545,2.642600000
2025-03-17,Plant_A,2.33372,2.665628571
2025-03-18,Plant_A,2.41287,2.494387142
2025-03-19,Plant_A,2.25941,2.501225714
2025-03-20,Plant_A,2.21187,2.443375714
2025-03-21,Plant_A,2.26608,2.360230000
2025-03-22,Plant_A,1.96399,2.284770000
2025-03-23,Plant_A,3.18091,2.375550000
2025-03-24,Plant_A,2.28188,2.368144285
2025-03-25,Plant_A,2.26501,2.347021428
2025-03-26,Plant_A,3.83361,2.571907142
2025-03-27,Plant_A,2.26629,2.579681428
2025-03-28,Plant_A,1.99275,2.540634285
2025-03-29,Plant_A,1.84874,2.524170000
2025-03-30,Plant_A,1.98675,2.353575714
2025-03-31,Plant_A,3.25621,2.492765714
2025-04-01,Plant_A,2.43013,2.516354285
2025-04-02,Plant_A,2.72893,2.358542857
2025-04-03,Plant_A,2.06349,2.329571428
2025-04-04,Plant_A,3.03030,2.477792857
2025-04-05,Plant_A,2.51177,2.572511428
2025-04-06,Plant_A,1.60160,2.517490000
2025-04-07,Plant_A,2.00364,2.338551428
2025-04-08,Plant_A,2.15120,2.298704285
2025-04-09,Plant_A,2.62605,2.284007142
2025-04-10,Plant_A,1.22768,2.164605714
2025-04-11,Plant_A,2.56724,2.098454285
2025-04-12,Plant_A,2.86225,2.148522857
2025-04-13,Plant_A,2.41597,2.264861428
2025-04-14,Plant_A,2.06422,2.273515714
2025-04-15,Plant_A,1.96998,2.247627142
2025-04-16,Plant_A,3.10811,2.316492857
2025-04-17,Plant_A,2.18094,2.452672857
2025-04-18,Plant_A,1.57303,2.310642857
2025-04-19,Plant_A,1.81200,2.160607142
2025-04-20,Plant_A,3.85233,2.365801428
2025-04-21,Plant_A,2.04301,2.362771428
2025-04-22,Plant_A,1.78420,2.336231428
2025-04-23,Plant_A,2.40240,2.235415714
2025-04-24,Plant_A,1.90866,2.196518571
2025-04-25,Plant_A,3.40000,2.457514285
2025-04-26,Plant_A,2.29794,2.526934285
2025-04-27,Plant_A,1.67064,2.215264285
2025-04-28,Plant_A,2.11454,2.225482857
2025-04-29,Plant_A,2.41158,2.315108571
2025-04-30,Plant_A,2.22222,2.289368571
2025-05-01,Plant_A,2.70453,2.403064285
2025-05-02,Plant_A,2.40175,2.260457142
2025-05-03,Plant_A,2.82486,2.335731428
2025-05-04,Plant_A,2.25428,2.419108571
2025-05-05,Plant_A,2.32313,2.448907142
2025-05-06,Plant_A,1.94426,2.382147142
2025-05-07,Plant_A,3.18396,2.519538571
2025-05-08,Plant_A,3.05085,2.569012857
2025-05-09,Plant_A,3.27869,2.694290000
2025-05-10,Plant_A,3.25983,2.756428571
2025-05-11,Plant_A,3.61930,2.951431428
2025-05-12,Plant_A,2.51770,2.979227142
2025-05-13,Plant_A,2.00573,2.988008571
2025-05-14,Plant_A,2.25322,2.855045714
2025-05-15,Plant_A,2.53036,2.780690000
2025-05-16,Plant_A,2.57511,2.680178571
2025-05-17,Plant_A,2.52732,2.575534285
2025-05-18,Plant_A,2.89210,2.471648571
2025-05-19,Plant_A,2.86707,2.521558571
2025-05-20,Plant_A,2.22883,2.553430000
2025-05-21,Plant_A,3.24675,2.695362857
2025-05-22,Plant_A,4.25926,2.942348571
2025-05-23,Plant_A,2.16216,2.883355714
2025-05-24,Plant_A,1.52749,2.740522857
2025-05-25,Plant_A,1.97554,2.609585714
2025-05-26,Plant_A,3.32829,2.675474285
2025-05-27,Plant_A,1.69492,2.599201428
2025-05-28,Plant_A,2.63425,2.511701428
2025-05-29,Plant_A,2.14876,2.210201428
2025-05-30,Plant_A,1.88816,2.171058571
2025-05-31,Plant_A,2.74241,2.344618571
2025-06-01,Plant_A,2.26730,2.386298571
2025-06-02,Plant_A,2.94118,2.330997142
2025-06-03,Plant_A,3.30969,2.561678571
2025-06-04,Plant_A,2.22458,2.503154285
2025-06-05,Plant_A,2.43478,2.544014285
2025-06-06,Plant_A,2.40275,2.617527142
2025-06-07,Plant_A,2.36461,2.563555714
2025-06-08,Plant_A,2.65353,2.618731428
2025-06-09,Plant_A,2.77099,2.594418571
2025-06-10,Plant_A,1.31291,2.309164285
2025-06-11,Plant_A,2.39198,2.333078571
2025-06-12,Plant_A,2.95359,2.407194285
2025-06-13,Plant_A,2.50000,2.421087142
2025-06-14,Plant_A,3.14585,2.532692857
2025-06-15,Plant_A,3.38346,2.636968571
2025-06-16,Plant_A,2.93706,2.660692857
2025-06-17,Plant_A,2.36461,2.810935714
2025-06-18,Plant_A,2.09424,2.768401428
2025-06-19,Plant_A,1.54440,2.567088571
2025-06-20,Plant_A,1.54930,2.431274285
2025-06-21,Plant_A,1.88195,2.250717142
2025-06-22,Plant_A,1.62037,1.998847142
2025-06-23,Plant_A,1.33432,1.769884285
2025-06-24,Plant_A,1.62003,1.663515714
2025-06-25,Plant_A,2.93542,1.783684285
2025-06-26,Plant_A,2.15589,1.871040000
2025-06-27,Plant_A,2.45455,2.000361428
2025-06-28,Plant_A,4.01460,2.305025714
2025-06-29,Plant_A,1.80905,2.331980000
2025-06-30,Plant_A,2.40154,2.484440000
2025-07-01,Plant_A,3.13175,2.700400000
2025-07-02,Plant_A,1.97309,2.562924285
2025-07-03,Plant_A,3.21865,2.714747142
2025-07-04,Plant_A,1.45631,2.572141428
2025-07-05,Plant_A,2.75735,2.392534285
2025-07-06,Plant_A,2.35162,2.470044285
2025-07-07,Plant_A,2.11538,2.429164285
2025-07-08,Plant_A,2.46305,2.333635714
2025-07-09,Plant_A,1.75573,2.302584285
2025-07-10,Plant_A,2.67666,2.225157142
2025-07-11,Plant_A,3.26279,2.483225714
2025-07-12,Plant_A,2.29991,2.417877142
2025-07-13,Plant_A,3.51076,2.583468571
2025-07-14,Plant_A,2.39726,2.623737142
2025-07-15,Plant_A,1.58395,2.498151428
2025-07-16,Plant_A,1.90476,2.519441428
2025-07-17,Plant_A,2.47253,2.490280000
2025-07-18,Plant_A,2.58303,2.393171428
2025-07-19,Plant_A,2.20318,2.379352857
2025-07-20,Plant_A,2.69313,2.262548571
2025-07-21,Plant_A,2.11480,2.222197142
2025-07-22,Plant_A,1.93440,2.272261428
2025-07-23,Plant_A,3.31412,2.473598571
2025-07-24,Plant_A,2.16216,2.429260000
2025-07-25,Plant_A,2.40586,2.403950000
2025-07-26,Plant_A,1.77646,2.342990000
2025-07-27,Plant_A,1.73913,2.206704285
2025-07-28,Plant_A,2.42764,2.251395714
2025-07-29,Plant_A,2.21587,2.291605714
2025-07-30,Plant_A,3.65535,2.340352857
2025-07-31,Plant_A,2.79402,2.430618571
2025-08-01,Plant_A,3.02144,2.518558571
2025-08-02,Plant_A,1.65441,2.501122857
2025-08-03,Plant_A,2.45566,2.603484285
2025-08-04,Plant_A,2.93255,2.675614285
2025-08-05,Plant_A,1.96821,2.640234285
2025-08-06,Plant_A,2.39163,2.459702857
2025-08-07,Plant_A,4.46602,2.698560000
2025-08-08,Plant_A,2.48804,2.622360000
2025-08-09,Plant_A,3.37553,2.868234285
2025-08-10,Plant_A,3.00830,2.947182857
2025-08-11,Plant_A,1.83398,2.790244285
2025-08-12,Plant_A,3.70370,3.038171428
2025-08-13,Plant_A,2.16306,3.005518571
2025-08-14,Plant_A,1.92644,2.642721428
2025-08-15,Plant_A,2.02551,2.576645714
2025-08-16,Plant_A,2.60870,2.467098571
2025-08-17,Plant_A,2.41588,2.382467142
2025-08-18,Plant_A,1.70178,2.363581428
2025-08-19,Plant_A,1.56740,2.058395714
2025-08-20,Plant_A,2.92969,2.167914285
2025-08-21,Plant_A,2.30024,2.221314285
2025-08-22,Plant_A,2.70880,2.318927142
2025-08-23,Plant_A,2.32350,2.278184285
2025-08-24,Plant_A,2.72277,2.322025714
2025-08-25,Plant_A,2.40320,2.422228571
2025-08-26,Plant_A,2.46734,2.550791428
2025-08-27,Plant_A,2.28717,2.459002857
2025-08-28,Plant_A,1.94384,2.408088571
2025-08-29,Plant_A,2.75527,2.414727142
2025-08-30,Plant_A,1.94444,2.360575714
2025-08-31,Plant_A,1.27768,2.154134285
2025-09-01,Plant_A,2.54777,2.174787142
2025-09-02,Plant_A,1.99601,2.107454285
2025-09-03,Plant_A,4.15225,2.373894285
2025-09-04,Plant_A,1.88679,2.365744285
2025-09-05,Plant_A,2.25256,2.293928571
2025-09-06,Plant_A,1.30548,2.202648571
2025-09-07,Plant_A,3.67347,2.544904285
2025-09-08,Plant_A,2.63158,2.556877142
2025-09-09,Plant_A,1.73578,2.519701428
2025-09-10,Plant_A,2.10970,2.227908571
2025-09-11,Plant_A,2.37676,2.297904285
2025-09-12,Plant_A,2.75591,2.369811428
2025-09-13,Plant_A,1.34078,2.374854285
2025-09-14,Plant_A,1.94426,2.127824285
2025-09-15,Plant_A,2.08333,2.049502857
2025-09-16,Plant_A,2.11361,2.103478571
2025-09-17,Plant_A,2.40343,2.145440000
2025-09-18,Plant_A,3.06205,2.243338571
2025-09-19,Plant_A,2.06897,2.145204285
2025-09-20,Plant_A,2.73802,2.344810000
2025-09-21,Plant_A,2.82293,2.470334285
2025-09-22,Plant_A,1.74419,2.421885714
2025-09-23,Plant_A,3.36976,2.601335714
2025-09-24,Plant_A,2.30126,2.586740000
2025-09-25,Plant_A,2.13946,2.454941428
2025-09-26,Plant_A,2.42086,2.505211428
2025-09-27,Plant_A,2.46548,2.466277142
2025-09-28,Plant_A,2.25225,2.384751428
2025-09-29,Plant_A,2.67442,2.517641428
2025-09-30,Plant_A,2.50209,2.393688571
2025-10-01,Plant_A,2.54854,2.429014285
2025-10-02,Plant_A,2.15750,2.431591428
2025-10-03,Plant_A,2.35492,2.422171428
2025-10-04,Plant_A,1.83824,2.332565714
2025-10-05,Plant_A,2.14592,2.317375714
2025-10-06,Plant_A,1.45455,2.143108571
2025-10-07,Plant_A,2.18103,2.097242857
2025-10-08,Plant_A,2.63415,2.109472857
2025-10-09,Plant_A,2.97030,2.225587142
2025-10-10,Plant_A,1.07991,2.043442857
2025-10-11,Plant_A,2.95231,2.202595714
2025-10-12,Plant_A,3.02648,2.328390000
2025-10-13,Plant_A,2.14041,2.426370000
2025-10-14,Plant_A,1.88034,2.383414285
2025-10-15,Plant_A,2.55474,2.372070000
2025-10-16,Plant_A,3.83091,2.495014285
2025-10-17,Plant_A,2.94118,2.760910000
2025-10-18,Plant_A,1.49961,2.553381428
2025-10-19,Plant_A,1.40105,2.321177142
2025-10-20,Plant_A,2.16509,2.324702857
2025-10-21,Plant_A,2.90206,2.470662857
2025-10-22,Plant_A,1.55148,2.327340000
2025-10-23,Plant_A,2.03644,2.070987142
2025-10-24,Plant_A,2.33129,1.983860000
2025-10-25,Plant_A,1.93721,2.046374285
2025-10-26,Plant_A,2.60252,2.218012857
2025-10-27,Plant_A,3.01205,2.339007142
2025-10-28,Plant_A,2.16963,2.234374285
2025-10-29,Plant_A,1.30152,2.198665714
2025-10-30,Plant_A,1.12835,2.068938571
2025-10-31,Plant_A,2.02156,2.024691428
2025-11-01,Plant_A,3.34076,2.225198571
2025-11-02,Plant_A,2.87253,2.263771428
2025-11-03,Plant_A,2.74348,2.225404285
2025-11-04,Plant_A,1.72940,2.162514285
2025-11-05,Plant_A,2.64151,2.353941428
2025-11-06,Plant_A,2.64706,2.570900000
2025-11-07,Plant_A,2.72904,2.671968571
2025-11-08,Plant_A,2.24215,2.515024285
2025-11-09,Plant_A,2.19780,2.418634285
2025-11-10,Plant_A,2.35507,2.363147142
2025-11-11,Plant_A,2.26202,2.439235714
2025-11-12,Plant_A,2.00321,2.348050000
2025-11-13,Plant_A,2.41047,2.314251428
2025-11-14,Plant_A,1.92308,2.199114285
2025-11-15,Plant_A,2.77778,2.275632857
2025-11-16,Plant_A,2.22349,2.279302857
2025-11-17,Plant_A,3.13862,2.391238571
2025-11-18,Plant_A,2.33528,2.401704285
2025-11-19,Plant_A,2.18094,2.427094285
2025-11-20,Plant_A,2.73109,2.472897142
2025-11-21,Plant_A,1.88235,2.467078571
2025-11-22,Plant_A,2.94118,2.490421428
2025-11-23,Plant_A,2.03426,2.463388571
2025-11-24,Plant_A,2.37192,2.353860000
2025-11-25,Plant_A,2.34792,2.355665714
2025-11-26,Plant_A,3.68189,2.570087142
2025-11-27,Plant_A,2.27577,2.505041428
2025-11-28,Plant_A,1.76125,2.487741428
2025-11-29,Plant_A,2.22469,2.385385714
2025-11-30,Plant_A,2.21187,2.410758571
2025-12-01,Plant_A,3.61248,2.587981428
2025-12-02,Plant_A,2.15139,2.559905714
2025-12-03,Plant_A,1.76282,2.285752857
2025-12-04,Plant_A,2.55102,2.325074285
2025-12-05,Plant_A,4.00000,2.644895714
2025-12-06,Plant_A,2.07668,2.623751428
2025-12-07,Plant_A,2.21675,2.624448571
2025-12-08,Plant_A,2.73438,2.499005714
2025-12-09,Plant_A,2.17678,2.502632857
2025-12-10,Plant_A,2.13646,2.556010000
2025-12-11,Plant_A,2.92398,2.609290000
2025-12-12,Plant_A,2.62948,2.413501428
2025-12-13,Plant_A,2.74241,2.508605714
2025-12-14,Plant_A,2.41692,2.537201428
2025-12-15,Plant_A,2.88288,2.558415714
2025-12-16,Plant_A,3.32188,2.722001428
2025-12-17,Plant_A,2.19156,2.729872857
2025-12-18,Plant_A,1.79238,2.568215714
2025-12-19,Plant_A,3.61111,2.708448571
2025-12-20,Plant_A,2.00364,2.602910000
2025-12-21,Plant_A,1.93861,2.534580000
2025-12-22,Plant_A,4.17335,2.718932857
2025-12-23,Plant_A,2.23350,2.563450000
2025-12-24,Plant_A,2.08845,2.548720000
2025-12-25,Plant_A,2.31760,2.623751428
2025-12-26,Plant_A,3.44828,2.600490000
2025-12-27,Plant_A,2.05047,2.607180000
2025-12-28,Plant_A,3.08008,2.770247142
2025-12-29,Plant_A,1.79372,2.430300000
2025-12-30,Plant_A,2.04263,2.403032857
2025-12-31,Plant_A,1.92476,2.379648571
2026-01-01,Plant_A,1.87602,2.316565714
2026-01-02,Plant_A,2.26481,2.147498571
2026-01-03,Plant_A,2.70270,2.240674285
2026-01-04,Plant_A,2.38612,2.141537142
2026-01-05,Plant_A,1.62338,2.117202857
2026-01-06,Plant_A,1.44681,2.032085714
2026-01-07,Plant_A,2.79214,2.155997142
2026-01-08,Plant_A,3.80368,2.431377142
2026-01-09,Plant_A,2.23464,2.427067142
2026-01-10,Plant_A,2.46479,2.393080000
2026-01-11,Plant_A,2.92398,2.469917142
2026-01-12,Plant_A,2.28188,2.563988571
2026-01-13,Plant_A,1.75841,2.608502857
2026-01-14,Plant_A,1.87590,2.477611428
2026-01-15,Plant_A,3.29582,2.405060000
2026-01-16,Plant_A,2.21774,2.402645714
2026-01-17,Plant_A,2.39316,2.392412857
2026-01-18,Plant_A,3.37756,2.457210000
2026-01-19,Plant_A,1.98488,2.414781428
2026-01-20,Plant_A,1.44181,2.369552857
2026-01-21,Plant_A,2.59516,2.472304285
2026-01-22,Plant_A,2.45399,2.352042857
2026-01-23,Plant_A,1.89189,2.305492857
2026-01-24,Plant_A,2.88462,2.375701428
2026-01-25,Plant_A,3.21577,2.352588571
2026-01-26,Plant_A,4.07674,2.651425714
2026-01-27,Plant_A,2.35294,2.781587142
2026-01-28,Plant_A,2.54130,2.773892857
2026-01-29,Plant_A,3.14961,2.873267142
2026-01-30,Plant_A,1.88457,2.872221428
2026-01-31,Plant_A,2.36967,2.798657142
2026-02-01,Plant_A,2.45327,2.689728571
2026-02-02,Plant_A,3.46021,2.601652857
2026-02-03,Plant_A,1.97461,2.547605714
2026-02-04,Plant_A,3.36700,2.665562857
2026-02-05,Plant_A,2.97907,2.641200000
2026-02-06,Plant_A,1.62907,2.604700000
2026-02-07,Plant_A,3.08370,2.706704285
2026-02-08,Plant_A,1.90616,2.628545714
2026-02-09,Plant_A,1.61943,2.365577142
2026-02-10,Plant_A,1.83706,2.345927142
2026-02-11,Plant_A,1.60819,2.094668571
2026-02-12,Plant_A,2.57171,2.036474285
2026-02-13,Plant_A,1.67732,2.043367142
2026-02-14,Plant_A,0.85575,1.725088571
2026-02-15,Plant_A,2.13198,1.757348571
2026-02-16,Plant_A,2.74579,1.918257142
2026-02-17,Plant_A,2.01748,1.944031428
2026-02-18,Plant_A,3.35404,2.193438571
2026-02-19,Plant_A,1.69683,2.068455714
2026-02-20,Plant_A,2.34987,2.164534285
2026-02-21,Plant_A,2.66667,2.423237142
2026-02-22,Plant_A,1.42857,2.322750000
2026-02-23,Plant_A,3.13390,2.378194285
2026-02-24,Plant_A,3.89610,2.646568571
2026-02-25,Plant_A,1.82704,2.428425714
2026-02-26,Plant_A,2.08575,2.483985714
2026-02-27,Plant_A,2.83333,2.553051428
2026-02-28,Plant_A,3.18275,2.626777142
2026-03-01,Plant_A,2.57353,2.790342857
2026-03-02,Plant_A,2.90742,2.757988571
2026-03-03,Plant_A,1.64425,2.436295714
2026-03-04,Plant_A,3.74532,2.710335714
2026-03-05,Plant_A,2.48262,2.767031428
2026-03-06,Plant_A,1.99005,2.646562857
2026-03-07,Plant_A,1.71990,2.437584285
2026-03-08,Plant_A,2.13523,2.374970000
2026-03-09,Plant_A,1.90370,2.231581428
2026-03-10,Plant_A,2.83806,2.402125714
2026-03-11,Plant_A,2.09036,2.165702857
2026-03-12,Plant_A,1.51844,2.027962857
2026-03-13,Plant_A,2.10027,2.043708571
2026-03-14,Plant_A,2.85088,2.205277142
2026-03-15,Plant_A,2.94715,2.321265714
2026-03-16,Plant_A,2.89963,2.463541428
2026-03-17,Plant_A,2.00364,2.344338571
2026-03-18,Plant_A,2.10379,2.346257142
2026-03-19,Plant_A,2.59434,2.499957142
2026-03-20,Plant_A,3.04569,2.635017142
2026-03-21,Plant_A,3.24519,2.691347142
2026-03-22,Plant_A,3.98551,2.839684285
2026-03-23,Plant_A,2.17391,2.736010000
2026-03-24,Plant_A,2.26740,2.773690000
2026-03-25,Plant_A,2.50569,2.831104285
2026-03-26,Plant_A,2.29770,2.788727142
2026-03-27,Plant_A,1.68919,2.594941428
2026-03-28,Plant_A,2.91498,2.547768571
2026-03-29,Plant_A,1.83276,2.240232857
2026-03-30,Plant_A,3.08483,2.370364285
2026-03-31,Plant_A,1.58371,2.272694285
2026-04-01,Plant_A,2.27596,2.239875714
2026-04-02,Plant_A,1.28866,2.095727142
2026-04-03,Plant_A,3.35570,2.333800000
2026-04-04,Plant_A,3.50195,2.417652857
2026-04-05,Plant_A,0.92593,2.288105714
2026-04-06,Plant_A,2.77393,2.243691428
2026-04-07,Plant_A,2.83505,2.422454285
2026-04-08,Plant_A,2.69978,2.483000000
2026-04-09,Plant_A,1.74380,2.548020000
2026-04-10,Plant_A,1.75182,2.318894285
2026-04-11,Plant_A,2.28426,2.144938571
2026-04-12,Plant_A,2.17129,2.322847142
2026-04-13,Plant_A,3.96476,2.492965714
2026-04-14,Plant_A,1.98183,2.371077142
2026-04-15,Plant_A,1.49724,2.199285714
2026-04-16,Plant_A,2.93160,2.368971428
2026-04-17,Plant_A,1.99857,2.404221428
2026-04-18,Plant_A,1.97723,2.360360000
2026-04-19,Plant_A,1.35635,2.243940000
2026-04-20,Plant_A,2.34114,2.011994285
2026-04-21,Plant_A,1.95313,2.007894285
2026-04-22,Plant_A,3.20513,2.251878571
2026-04-23,Plant_A,2.89256,2.246301428
2026-04-24,Plant_A,2.79370,2.359891428
2026-04-25,Plant_A,2.90360,2.492230000
2026-04-26,Plant_A,1.41287,2.500304285
2026-04-27,Plant_A,1.87647,2.433922857
2026-04-28,Plant_A,2.26244,2.478110000
2026-04-29,Plant_A,1.84544,2.283868571
2026-04-30,Plant_A,2.38854,2.211865714
2026-05-01,Plant_A,1.87291,2.080324285
2026-05-02,Plant_A,3.07517,2.104834285
2026-05-03,Plant_A,2.33333,2.236328571
2026-05-04,Plant_A,3.11688,2.413530000
2026-05-05,Plant_A,2.05128,2.383364285
2026-05-06,Plant_A,2.97915,2.545322857
2026-05-07,Plant_A,2.62329,2.578858571
2026-05-08,Plant_A,2.88641,2.723644285
2026-05-09,Plant_A,3.23115,2.745927142
2026-05-10,Plant_A,2.15420,2.720337142
2026-05-11,Plant_A,3.06122,2.712385714
2026-05-12,Plant_A,4.63768,3.081871428
2026-05-13,Plant_A,2.78689,3.054405714
2026-05-14,Plant_A,2.27429,3.004548571
2026-05-15,Plant_A,3.00429,3.021388571
2026-05-16,Plant_A,2.77338,2.955992857
2026-05-17,Plant_A,2.03046,2.938315714
2026-05-18,Plant_A,2.46361,2.852942857
2026-05-19,Plant_A,3.34101,2.667704285
2026-05-20,Plant_A,1.51786,2.486414285
2026-05-21,Plant_A,2.38932,2.502847142
2026-05-22,Plant_A,2.68741,2.457578571
2026-05-23,Plant_A,3.03030,2.494281428
2026-05-24,Plant_A,2.77986,2.601338571
2026-05-25,Plant_A,2.34043,2.583741428
2026-05-26,Plant_A,4.02053,2.680815714
2026-05-27,Plant_A,1.56047,2.686902857
2026-05-28,Plant_A,2.62843,2.721061428
2026-05-29,Plant_A,2.86436,2.746340000
2026-05-30,Plant_A,2.92113,2.730744285
2026-05-31,Plant_A,2.82714,2.737498571
2026-06-01,Plant_A,2.83883,2.808698571
2026-06-02,Plant_A,2.52005,2.594344285
2026-06-03,Plant_A,1.46819,2.581161428
2026-06-04,Plant_A,2.94451,2.626315714
2026-06-05,Plant_A,3.18544,2.672184285
2026-06-06,Plant_A,1.99229,2.539492857
2026-06-07,Plant_A,2.23077,2.454297142
2026-06-08,Plant_A,2.57353,2.416397142
2026-06-09,Plant_A,2.19697,2.370242857
2026-06-10,Plant_A,3.44828,2.653112857
2026-06-11,Plant_A,2.05128,2.525508571
2026-06-12,Plant_A,2.73109,2.460601428
2026-06-13,Plant_A,1.90114,2.447580000
2026-06-14,Plant_A,2.14180,2.434870000
2026-06-15,Plant_A,1.94631,2.345267142
2026-06-16,Plant_A,4.32020,2.648585714
2026-06-17,Plant_A,2.24626,2.476868571
2026-06-18,Plant_A,3.29053,2.653904285
2026-06-19,Plant_A,2.67431,2.645792857
2026-06-20,Plant_A,2.37239,2.713114285
2026-06-21,Plant_A,1.80676,2.665251428
2026-06-22,Plant_A,1.97425,2.669242857
2026-06-23,Plant_A,3.23591,2.514344285
2026-06-24,Plant_A,2.57271,2.560980000
2026-06-25,Plant_A,1.93072,2.366721428
2026-06-26,Plant_A,2.01005,2.271827142
2026-06-27,Plant_A,2.95455,2.354992857
2026-06-28,Plant_A,1.87696,2.365021428
2026-06-29,Plant_A,2.46711,2.435430000
2026-06-30,Plant_A,2.35294,2.309291428
2026-07-01,Plant_A,2.88248,2.353544285
2026-07-02,Plant_A,1.43198,2.282295714
2026-07-03,Plant_A,1.96281,2.275547142
2026-07-04,Plant_A,2.40664,2.197274285
2026-07-05,Plant_A,2.52649,2.290064285
2026-07-06,Plant_A,1.94250,2.215120000
2026-07-07,Plant_A,2.54170,2.242085714
2026-07-08,Plant_A,1.79533,2.086778571
2026-07-09,Plant_A,2.73292,2.272627142
2026-07-10,Plant_A,2.47305,2.345518571
2026-07-11,Plant_A,2.26320,2.325027142
2026-07-12,Plant_A,2.94118,2.384268571
2026-07-13,Plant_A,2.11970,2.409582857
2026-07-14,Plant_A,2.67983,2.429315714
2026-07-15,Plant_A,3.01129,2.603024285
2026-07-16,Plant_A,3.74115,2.747057142
2026-07-17,Plant_A,2.15827,2.702088571
2026-07-18,Plant_A,1.79487,2.635184285
2026-07-19,Plant_A,1.62907,2.447740000
2026-07-20,Plant_A,2.35650,2.481568571
2026-07-21,Plant_A,2.40000,2.441592857
2026-07-22,Plant_A,1.86916,2.278431428
2026-07-23,Plant_A,2.59649,2.114908571
2026-07-24,Plant_A,2.81030,2.208055714
2026-07-25,Plant_A,2.22552,2.269577142
2026-07-26,Plant_A,1.78197,2.291420000
2026-07-27,Plant_A,2.40642,2.298551428
2026-07-28,Plant_A,2.27144,2.280185714
2026-07-29,Plant_A,2.47678,2.366988571
2026-07-30,Plant_A,2.04479,2.288174285
2026-07-31,Plant_A,4.40860,2.516502857
2026-08-01,Plant_A,2.56410,2.564871428
2026-08-02,Plant_A,3.02376,2.742270000
2026-08-03,Plant_A,1.75439,2.649122857
2026-08-04,Plant_A,1.99693,2.609907142
2026-08-05,Plant_A,3.23326,2.717975714
2026-08-06,Plant_A,2.77537,2.822344285
2026-08-07,Plant_A,3.42531,2.681874285
2026-08-08,Plant_A,2.86678,2.725114285
2026-08-09,Plant_A,2.67857,2.675801428
2026-08-10,Plant_A,2.85987,2.833727142
2026-08-11,Plant_A,2.54386,2.911860000
2026-08-12,Plant_A,2.32301,2.781824285
2026-08-13,Plant_A,2.33029,2.718241428
2026-08-14,Plant_A,2.80464,2.629574285
2026-08-15,Plant_A,2.27434,2.544940000
2026-08-16,Plant_A,2.63533,2.538762857
2026-08-17,Plant_A,2.14095,2.436060000
2026-08-18,Plant_A,2.52976,2.434045714
2026-08-19,Plant_A,2.81052,2.503690000
2026-08-20,Plant_A,2.35964,2.507882857
2026-08-21,Plant_A,1.80791,2.365492857
2026-08-22,Plant_A,1.20794,2.213150000
2026-08-23,Plant_A,2.76008,2.230971428
2026-08-24,Plant_A,1.44115,2.131000000
2026-08-25,Plant_A,2.12629,2.073361428
2026-08-26,Plant_A,1.72043,1.917634285
2026-08-27,Plant_A,1.35790,1.774528571
2026-08-28,Plant_A,1.94715,1.794420000
2026-08-29,Plant_A,1.98447,1.905352857
2026-08-30,Plant_A,2.33978,1.845310000
2026-08-31,Plant_A,2.68336,2.022768571
2026-09-01,Plant_A,2.50000,2.076155714
2026-09-02,Plant_A,2.43644,2.178442857
2026-09-03,Plant_A,1.80723,2.242632857
2026-09-04,Plant_A,1.33011,2.154484285
2026-09-05,Plant_A,2.82555,2.274638571
2026-09-06,Plant_A,2.20704,2.255675714
2026-09-07,Plant_A,1.85497,2.137334285
2026-09-08,Plant_A,2.13731,2.085521428
2026-09-09,Plant_A,2.14541,2.043945714
2026-09-10,Plant_A,3.08057,2.225851428
2026-09-11,Plant_A,2.73556,2.426630000
2026-09-12,Plant_A,2.23048,2.341620000
2026-09-13,Plant_A,3.22256,2.486694285
2026-09-14,Plant_A,2.58193,2.590545714
2026-09-15,Plant_A,2.53399,2.647214285
2026-09-16,Plant_A,2.43644,2.688790000
2026-09-17,Plant_A,1.48957,2.461504285
2026-09-18,Plant_A,1.34680,2.263110000
2026-09-19,Plant_A,3.40357,2.430694285
2026-09-20,Plant_A,2.82949,2.374541428
2026-09-21,Plant_A,2.35205,2.341701428
2026-09-22,Plant_A,3.66412,2.503148571
2026-09-23,Plant_A,1.85615,2.420250000
2026-09-24,Plant_A,3.71846,2.738662857
2026-09-25,Plant_A,2.23642,2.865751428
2026-09-26,Plant_A,2.32089,2.711082857
2026-09-27,Plant_A,3.40633,2.793488571
2026-09-28,Plant_A,1.75769,2.708580000
2026-09-29,Plant_A,2.54237,2.548330000
2026-09-30,Plant_A,2.90000,2.697451428
2026-10-01,Plant_A,3.36134,2.646434285
2026-10-02,Plant_A,3.04659,2.762172857
2026-10-03,Plant_A,2.50209,2.788058571
2026-10-04,Plant_A,1.42232,2.504628571
2026-10-05,Plant_A,2.95110,2.675115714
2026-10-06,Plant_A,2.46269,2.663732857
2026-10-07,Plant_A,1.23457,2.425814285
2026-10-08,Plant_A,2.46479,2.297735714
2026-10-09,Plant_A,3.07235,2.301415714
2026-10-10,Plant_A,1.78571,2.199075714
2026-10-11,Plant_A,2.39437,2.337940000
2026-10-12,Plant_A,2.28945,2.243418571
2026-10-13,Plant_A,2.95260,2.313405714
2026-10-14,Plant_A,1.98714,2.420915714
2026-10-15,Plant_A,2.32558,2.401028571
2026-10-16,Plant_A,2.53767,2.324645714
2026-10-17,Plant_A,2.26155,2.392622857
2026-10-18,Plant_A,2.64966,2.429092857
2026-10-19,Plant_A,2.77108,2.497897142
2026-10-20,Plant_A,2.60417,2.448121428
2026-10-21,Plant_A,2.78232,2.561718571
2026-10-22,Plant_A,2.16450,2.538707142
2026-10-23,Plant_A,2.90487,2.591164285
2026-10-24,Plant_A,1.64512,2.503102857
2026-10-25,Plant_A,2.40385,2.467987142
2026-10-26,Plant_A,2.37643,2.411608571
2026-10-27,Plant_A,2.06034,2.333918571
2026-10-28,Plant_A,2.28453,2.262805714
2026-10-29,Plant_A,2.26209,2.276747142
2026-10-30,Plant_A,2.92135,2.279101428
2026-10-31,Plant_A,1.99852,2.329587142
2026-11-01,Plant_A,2.92113,2.403484285
2026-11-02,Plant_A,2.56410,2.430294285
2026-11-03,Plant_A,2.66458,2.516614285
2026-11-04,Plant_A,2.32198,2.521964285
2026-11-05,Plant_A,1.66976,2.437345714
2026-11-06,Plant_A,2.71581,2.407982857
2026-11-07,Plant_A,2.15176,2.429874285
2026-11-08,Plant_A,3.36022,2.492601428
2026-11-09,Plant_A,2.27095,2.450722857
2026-11-10,Plant_A,1.64159,2.304581428
2026-11-11,Plant_A,2.63158,2.348810000
2026-11-12,Plant_A,4.68750,2.779915714
2026-11-13,Plant_A,2.20083,2.706347142
2026-11-14,Plant_A,2.74194,2.790658571
2026-11-15,Plant_A,3.08642,2.751544285
2026-11-16,Plant_A,2.05086,2.720102857
2026-11-17,Plant_A,2.87162,2.895821428
2026-11-18,Plant_A,1.87617,2.787905714
2026-11-19,Plant_A,1.77903,2.372410000
2026-11-20,Plant_A,2.73438,2.448631428
2026-11-21,Plant_A,1.98020,2.339811428
2026-11-22,Plant_A,2.89063,2.311841428
2026-11-23,Plant_A,2.35721,2.355605714
2026-11-24,Plant_A,2.61224,2.318551428
2026-11-25,Plant_A,2.52252,2.410887142
2026-11-26,Plant_A,3.53535,2.661790000
2026-11-27,Plant_A,1.82186,2.531430000
2026-11-28,Plant_A,1.97152,2.530190000
2026-11-29,Plant_A,1.99818,2.402697142
2026-11-30,Plant_A,3.13175,2.513345714
2026-12-01,Plant_A,3.43096,2.630305714
2026-12-02,Plant_A,2.58706,2.639525714
2026-12-03,Plant_A,2.92887,2.552885714
2026-12-04,Plant_A,1.82815,2.553784285
2026-12-05,Plant_A,2.62843,2.647628571
2026-12-06,Plant_A,2.10896,2.663454285
2026-12-07,Plant_A,2.41758,2.561430000
2026-12-08,Plant_A,1.51822,2.288181428
2026-12-09,Plant_A,1.91972,2.192847142
2026-12-10,Plant_A,2.21484,2.090842857
2026-12-11,Plant_A,3.15041,2.279737142
2026-12-12,Plant_A,1.35338,2.097587142
2026-12-13,Plant_A,2.35294,2.132441428
2026-12-14,Plant_A,3.59375,2.300465714
2026-12-15,Plant_A,2.76923,2.479181428
2026-12-16,Plant_A,2.42857,2.551874285
2026-12-17,Plant_A,2.86426,2.644648571
2026-12-18,Plant_A,2.92044,2.611795714
2026-12-19,Plant_A,4.45860,3.055398571
2026-12-20,Plant_A,3.41207,3.206702857
2026-12-21,Plant_A,3.32997,3.169020000
2026-12-22,Plant_A,2.09546,3.072767142
2026-12-23,Plant_A,2.70506,3.112265714
2026-12-24,Plant_A,3.06452,3.140874285
2026-12-25,Plant_A,2.08540,3.021582857
2026-12-26,Plant_A,2.60417,2.756664285
2026-12-27,Plant_A,1.58820,2.496111428
2026-12-28,Plant_A,2.43722,2.368575714
2026-12-29,Plant_A,3.01003,2.499228571
2026-12-30,Plant_A,2.49508,2.469231428
2026-12-31,Plant_A,1.47330,2.241914285
2027-01-01,Plant_A,3.26087,2.409838571
2027-01-02,Plant_A,2.00401,2.324101428
2027-01-03,Plant_A,3.13825,2.545537142
2027-01-04,Plant_A,2.28571,2.523892857
2027-01-05,Plant_A,3.01095,2.524024285
2027-01-06,Plant_A,2.42915,2.514605714
2027-01-07,Plant_A,2.70019,2.689875714
2027-01-08,Plant_A,4.05157,2.802832857
2027-01-09,Plant_A,2.52600,2.877402857
2027-01-10,Plant_A,2.30112,2.757812857
2027-01-11,Plant_A,2.02551,2.720641428
2027-01-12,Plant_A,2.80528,2.691260000
2027-01-13,Plant_A,1.25786,2.523932857
2027-01-14,Plant_A,3.43671,2.629150000
2027-01-15,Plant_A,3.44828,2.542965714
2027-01-16,Plant_A,1.64403,2.416970000
2027-01-17,Plant_A,2.56410,2.454538571
2027-01-18,Plant_A,1.50094,2.379600000
2027-01-19,Plant_A,1.75562,2.229648571
2027-01-20,Plant_A,2.14953,2.357030000
2027-01-21,Plant_A,2.02140,2.154842857
2027-01-22,Plant_A,2.69461,2.047175714
2027-01-23,Plant_A,1.21304,1.985605714
2027-01-24,Plant_A,2.48963,1.974967142
2027-01-25,Plant_A,2.94931,2.181877142
2027-01-26,Plant_A,2.31729,2.262115714
2027-01-27,Plant_A,2.80374,2.355574285
2027-01-28,Plant_A,2.40826,2.410840000
2027-01-29,Plant_A,2.63415,2.402202857
2027-01-30,Plant_A,3.82263,2.775001428
2027-01-31,Plant_A,3.14685,2.868890000
2027-02-01,Plant_A,2.70552,2.834062857
2027-02-02,Plant_A,2.10250,2.803378571
2027-02-03,Plant_A,2.28956,2.729924285
2027-02-04,Plant_A,2.59580,2.756715714
2027-02-05,Plant_A,2.97700,2.805694285
2027-02-06,Plant_A,1.67653,2.499108571
2027-02-07,Plant_A,3.07692,2.489118571
2027-02-08,Plant_A,1.83752,2.365118571
2027-02-09,Plant_A,2.42806,2.411627142
2027-02-10,Plant_A,1.80180,2.341947142
2027-02-11,Plant_A,2.10756,2.272198571
2027-02-12,Plant_A,1.81624,2.106375714
2027-02-13,Plant_A,2.50784,2.225134285
2027-02-14,Plant_A,1.59363,2.013235714
2027-02-15,Plant_A,2.70968,2.137830000
2027-02-16,Plant_A,1.49068,2.003918571
2027-02-17,Plant_A,2.17391,2.057077142
2027-02-18,Plant_A,2.08092,2.053271428
2027-02-19,Plant_A,2.09465,2.093044285
2027-02-20,Plant_A,2.08062,2.032012857
2027-02-21,Plant_A,2.86017,2.212947142
2027-02-22,Plant_A,2.38751,2.166922857
2027-02-23,Plant_A,3.10458,2.397480000
2027-02-24,Plant_A,1.90981,2.359751428
2027-02-25,Plant_A,4.20900,2.663762857
2027-02-26,Plant_A,2.38462,2.705187142
2027-02-27,Plant_A,2.00634,2.694575714
2027-02-28,Plant_A,2.71536,2.673888571
2027-03-01,Plant_A,2.23979,2.652785714
2027-03-02,Plant_A,1.98413,2.492721428
2027-03-03,Plant_A,2.31990,2.551305714
2027-03-04,Plant_A,3.60065,2.464398571
2027-03-05,Plant_A,2.48705,2.479031428
2027-03-06,Plant_A,3.16456,2.644491428
2027-03-07,Plant_A,2.81690,2.658997142
2027-03-08,Plant_A,2.21580,2.655570000
2027-03-09,Plant_A,1.69154,2.613771428
2027-03-10,Plant_A,2.76923,2.677961428
2027-03-11,Plant_A,2.40320,2.506897142
2027-03-12,Plant_A,2.32558,2.483830000
2027-03-13,Plant_A,3.06807,2.470045714
2027-03-14,Plant_A,1.73639,2.315687142
2027-03-15,Plant_A,2.33577,2.332825714
2027-03-16,Plant_A,1.58259,2.317261428
2027-03-17,Plant_A,1.48075,2.133192857
2027-03-18,Plant_A,1.93192,2.065867142
2027-03-19,Plant_A,2.26700,2.057498571
2027-03-20,Plant_A,1.79533,1.875678571
2027-03-21,Plant_A,2.44845,1.977401428
2027-03-22,Plant_A,2.43408,1.991445714
2027-03-23,Plant_A,3.39147,2.249857142
2027-03-24,Plant_A,2.12766,2.342272857
2027-03-25,Plant_A,2.46679,2.418682857
2027-03-26,Plant_A,2.32429,2.426867142
2027-03-27,Plant_A,1.65563,2.406910000
2027-03-28,Plant_A,1.77706,2.310997142
2027-03-29,Plant_A,2.56410,2.329571428
2027-03-30,Plant_A,1.65975,2.082182857
2027-03-31,Plant_A,2.94118,2.198400000
2027-04-01,Plant_A,3.00501,2.275288571
2027-04-02,Plant_A,2.62821,2.318705714
2027-04-03,Plant_A,2.56410,2.448487142
2027-04-04,Plant_A,1.76768,2.447147142
2027-04-05,Plant_A,2.63425,2.457168571
2027-04-06,Plant_A,2.71028,2.607244285
2027-04-07,Plant_A,2.82012,2.589950000
2027-04-08,Plant_A,2.25614,2.482968571
2027-04-09,Plant_A,1.91489,2.381065714
2027-04-10,Plant_A,2.73973,2.406155714
2027-04-11,Plant_A,2.04918,2.446370000
2027-04-12,Plant_A,3.09859,2.512704285
2027-04-13,Plant_A,3.01275,2.555914285
2027-04-14,Plant_A,2.58621,2.522498571
2025-01-01,Plant_B,3.09498,3.094980000
2025-01-02,Plant_B,1.97368,2.534330000
2025-01-03,Plant_B,3.19927,2.755976666
2025-01-04,Plant_B,1.94915,2.554270000
2025-01-05,Plant_B,1.93165,2.429746000
2025-01-06,Plant_B,2.08955,2.373046666
2025-01-07,Plant_B,3.41880,2.522440000
2025-01-08,Plant_B,3.07503,2.519590000
2025-01-09,Plant_B,3.06230,2.675107142
2025-01-10,Plant_B,2.18464,2.530160000
2025-01-11,Plant_B,2.66010,2.631724285
2025-01-12,Plant_B,3.07956,2.795711428
2025-01-13,Plant_B,3.84255,3.046140000
2025-01-14,Plant_B,2.03327,2.848207142
2025-01-15,Plant_B,3.46021,2.903232857
2025-01-16,Plant_B,1.99297,2.750471428
2025-01-17,Plant_B,2.57127,2.805704285
2025-01-18,Plant_B,1.69671,2.668077142
2025-01-19,Plant_B,2.16509,2.537438571
2025-01-20,Plant_B,3.47958,2.485585714
2025-01-21,Plant_B,2.52809,2.556274285
2025-01-22,Plant_B,2.94438,2.482584285
2025-01-23,Plant_B,1.82410,2.458460000
2025-01-24,Plant_B,2.59230,2.461464285
2025-01-25,Plant_B,2.19675,2.532898571
2025-01-26,Plant_B,2.76954,2.619248571
2025-01-27,Plant_B,2.93896,2.542017142
2025-01-28,Plant_B,2.81690,2.583275714
2025-01-29,Plant_B,2.02020,2.451250000
2025-01-30,Plant_B,1.64569,2.425762857
2025-01-31,Plant_B,2.52660,2.416377142
2025-02-01,Plant_B,2.62136,2.477035714
2025-02-02,Plant_B,2.68620,2.465130000
2025-02-03,Plant_B,3.83212,2.592724285
2025-02-04,Plant_B,1.90404,2.462315714
2025-02-05,Plant_B,2.24791,2.494845714
2025-02-06,Plant_B,2.83454,2.664681428
2025-02-07,Plant_B,2.01220,2.591195714
2025-02-08,Plant_B,2.15169,2.524100000
2025-02-09,Plant_B,3.03777,2.574324285
2025-02-10,Plant_B,4.04531,2.604780000
2025-02-11,Plant_B,1.45719,2.540944285
2025-02-12,Plant_B,2.32897,2.552524285
2025-02-13,Plant_B,1.99501,2.432591428
2025-02-14,Plant_B,2.64317,2.522730000
2025-02-15,Plant_B,2.51208,2.574214285
2025-02-16,Plant_B,2.76840,2.535732857
2025-02-17,Plant_B,2.25335,2.279738571
2025-02-18,Plant_B,2.85459,2.479367142
2025-02-19,Plant_B,1.23305,2.322807142
2025-02-20,Plant_B,1.52284,2.255354285
2025-02-21,Plant_B,2.45003,2.227762857
2025-02-22,Plant_B,1.98183,2.152012857
2025-02-23,Plant_B,2.33918,2.090695714
2025-02-24,Plant_B,2.22058,2.086014285
2025-02-25,Plant_B,2.36769,2.016457142
2025-02-26,Plant_B,1.50754,2.055670000
2025-02-27,Plant_B,2.68097,2.221117142
2025-02-28,Plant_B,1.89229,2.141440000
2025-03-01,Plant_B,2.49792,2.215167142
2025-03-02,Plant_B,2.15517,2.188880000
2025-03-03,Plant_B,2.61137,2.244707142
2025-03-04,Plant_B,2.07065,2.202272857
2025-03-05,Plant_B,2.11049,2.288408571
2025-03-06,Plant_B,2.60936,2.278178571
2025-03-07,Plant_B,1.94114,2.285157142
2025-03-08,Plant_B,2.84810,2.335182857
2025-03-09,Plant_B,1.88976,2.297267142
2025-03-10,Plant_B,0.76046,2.032851428
2025-03-11,Plant_B,2.97030,2.161372857
2025-03-12,Plant_B,2.27273,2.184550000
2025-03-13,Plant_B,2.22222,2.129244285
2025-03-14,Plant_B,1.65062,2.087741428
2025-03-15,Plant_B,2.07684,1.977561428
2025-03-16,Plant_B,3.09201,2.149311428
2025-03-17,Plant_B,4.00000,2.612102857
2025-03-18,Plant_B,2.29787,2.516041428
2025-03-19,Plant_B,3.29670,2.662322857
2025-03-20,Plant_B,2.51046,2.703500000
2025-03-21,Plant_B,2.05198,2.760837142
2025-03-22,Plant_B,2.73684,2.855122857
2025-03-23,Plant_B,1.62991,2.646251428
2025-03-24,Plant_B,1.88346,2.343888571
2025-03-25,Plant_B,2.33871,2.349722857
2025-03-26,Plant_B,2.91777,2.295590000
2025-03-27,Plant_B,1.96246,2.217304285
2025-03-28,Plant_B,2.13191,2.228722857
2025-03-29,Plant_B,3.18066,2.292125714
2025-03-30,Plant_B,2.05656,2.353075714
2025-03-31,Plant_B,2.20779,2.399408571
2025-04-01,Plant_B,2.11480,2.367421428
2025-04-02,Plant_B,2.63930,2.327640000
2025-04-03,Plant_B,1.95682,2.326834285
2025-04-04,Plant_B,2.22222,2.339735714
2025-04-05,Plant_B,3.54610,2.391941428
2025-04-06,Plant_B,2.86944,2.508067142
2025-04-07,Plant_B,1.78268,2.447337142
2025-04-08,Plant_B,1.50376,2.360045714
2025-04-09,Plant_B,2.79376,2.382111428
2025-04-10,Plant_B,2.61044,2.475485714
2025-04-11,Plant_B,1.70244,2.401231428
2025-04-12,Plant_B,3.00300,2.323645714
2025-04-13,Plant_B,2.82575,2.317404285
2025-04-14,Plant_B,2.39464,2.404827142
2025-04-15,Plant_B,2.29983,2.518551428
2025-04-16,Plant_B,2.14133,2.425347142
2025-04-17,Plant_B,3.44828,2.545038571
2025-04-18,Plant_B,2.68817,2.685857142
2025-04-19,Plant_B,2.41135,2.601335714
2025-04-20,Plant_B,2.72989,2.587641428
2025-04-21,Plant_B,2.86272,2.654510000
2025-04-22,Plant_B,1.94030,2.603148571
2025-04-23,Plant_B,1.74472,2.546490000
2025-04-24,Plant_B,3.20078,2.511132857
2025-04-25,Plant_B,2.18103,2.438684285
2025-04-26,Plant_B,1.92113,2.368652857
2025-04-27,Plant_B,1.93885,2.255647142
2025-04-28,Plant_B,2.17391,2.157245714
2025-04-29,Plant_B,2.36753,2.218278571
2025-04-30,Plant_B,2.01643,2.257094285
2025-05-01,Plant_B,2.19780,2.113811428
2025-05-02,Plant_B,1.63577,2.035917142
2025-05-03,Plant_B,1.54867,1.982708571
2025-05-04,Plant_B,2.43161,2.053102857
2025-05-05,Plant_B,1.71674,1.987792857
2025-05-06,Plant_B,2.03180,1.939831428
2025-05-07,Plant_B,1.81644,1.911261428
2025-05-08,Plant_B,2.40154,1.940367142
2025-05-09,Plant_B,3.05810,2.143557142
2025-05-10,Plant_B,2.39163,2.263980000
2025-05-11,Plant_B,1.93750,2.193392857
2025-05-12,Plant_B,1.50376,2.162967142
2025-05-13,Plant_B,2.31990,2.204124285
2025-05-14,Plant_B,3.40426,2.430955714
2025-05-15,Plant_B,2.94388,2.508432857
2025-05-16,Plant_B,2.53853,2.434208571
2025-05-17,Plant_B,2.11694,2.394967142
2025-05-18,Plant_B,1.66240,2.355667142
2025-05-19,Plant_B,2.93210,2.559715714
2025-05-20,Plant_B,1.73965,2.476822857
2025-05-21,Plant_B,2.52898,2.351782857
2025-05-22,Plant_B,1.94805,2.209521428
2025-05-23,Plant_B,2.69461,2.231818571
2025-05-24,Plant_B,1.86916,2.196421428
2025-05-25,Plant_B,2.58333,2.327982857
2025-05-26,Plant_B,2.20484,2.224088571
2025-05-27,Plant_B,2.00893,2.262557142
2025-05-28,Plant_B,3.74640,2.436474285
2025-05-29,Plant_B,2.78261,2.555697142
2025-05-30,Plant_B,1.76018,2.422207142
2025-05-31,Plant_B,2.90557,2.570265714
2025-06-01,Plant_B,2.00946,2.488284285
2025-06-02,Plant_B,2.37325,2.512342857
2025-06-03,Plant_B,2.91829,2.642251428
2025-06-04,Plant_B,2.73224,2.497371428
2025-06-05,Plant_B,2.95250,2.521641428
2025-06-06,Plant_B,4.97336,2.980667142
2025-06-07,Plant_B,2.35205,2.901592857
2025-06-08,Plant_B,1.59176,2.841921428
2025-06-09,Plant_B,2.38332,2.843360000
2025-06-10,Plant_B,1.92982,2.702150000
2025-06-11,Plant_B,2.15924,2.620292857
2025-06-12,Plant_B,1.91458,2.472018571
2025-06-13,Plant_B,2.08540,2.059452857
2025-06-14,Plant_B,2.79330,2.122488571
2025-06-15,Plant_B,3.37159,2.376750000
2025-06-16,Plant_B,1.80624,2.294310000
2025-06-17,Plant_B,2.83822,2.424081428
2025-06-18,Plant_B,1.87970,2.384147142
2025-06-19,Plant_B,2.41287,2.455331428
2025-06-20,Plant_B,2.86260,2.566360000
2025-06-21,Plant_B,2.75651,2.561104285
2025-06-22,Plant_B,3.18091,2.533864285
2025-06-23,Plant_B,1.97087,2.557382857
2025-06-24,Plant_B,4.32570,2.769880000
2025-06-25,Plant_B,2.76134,2.895828571
2025-06-26,Plant_B,2.35627,2.887742857
2025-06-27,Plant_B,2.39808,2.821382857
2025-06-28,Plant_B,1.77936,2.681790000
2025-06-29,Plant_B,3.13283,2.674921428
2025-06-30,Plant_B,3.46939,2.888995714
2025-07-01,Plant_B,4.22125,2.874074285
2025-07-02,Plant_B,2.12766,2.783548571
2025-07-03,Plant_B,3.44130,2.938552857
2025-07-04,Plant_B,2.54403,2.959402857
2025-07-05,Plant_B,2.36769,3.043450000
2025-07-06,Plant_B,1.87449,2.863687142
2025-07-07,Plant_B,2.66312,2.748505714
2025-07-08,Plant_B,2.41449,2.490397142
2025-07-09,Plant_B,1.76391,2.438432857
2025-07-10,Plant_B,2.35390,2.283090000
2025-07-11,Plant_B,2.98720,2.346400000
2025-07-12,Plant_B,2.89700,2.422015714
2025-07-13,Plant_B,1.97628,2.436557142
2025-07-14,Plant_B,2.31054,2.386188571
2025-07-15,Plant_B,2.79938,2.441172857
2025-07-16,Plant_B,2.05479,2.482727142
2025-07-17,Plant_B,1.21413,2.319902857
2025-07-18,Plant_B,2.45787,2.244284285
2025-07-19,Plant_B,1.49850,2.044498571
2025-07-20,Plant_B,2.64271,2.139702857
2025-07-21,Plant_B,1.40187,2.009892857
2025-07-22,Plant_B,2.15054,1.917201428
2025-07-23,Plant_B,1.85629,1.888844285
2025-07-24,Plant_B,2.84495,2.121818571
2025-07-25,Plant_B,1.67754,2.010342857
2025-07-26,Plant_B,2.87129,2.206455714
2025-07-27,Plant_B,3.51494,2.331060000
2025-07-28,Plant_B,1.15416,2.295672857
2025-07-29,Plant_B,2.84238,2.394507142
2025-07-30,Plant_B,1.57563,2.354412857
2025-07-31,Plant_B,2.74390,2.339977142
2025-08-01,Plant_B,2.32274,2.432148571
2025-08-02,Plant_B,2.09974,2.321927142
2025-08-03,Plant_B,2.59542,2.190567142
2025-08-04,Plant_B,2.23881,2.345517142
2025-08-05,Plant_B,2.21169,2.255418571
2025-08-06,Plant_B,2.29460,2.358128571
2025-08-07,Plant_B,2.61438,2.339625714
2025-08-08,Plant_B,1.61840,2.239005714
2025-08-09,Plant_B,2.53521,2.301215714
2025-08-10,Plant_B,2.91971,2.347542857
2025-08-11,Plant_B,2.02622,2.317172857
2025-08-12,Plant_B,1.82395,2.261781428
2025-08-13,Plant_B,1.94301,2.211554285
2025-08-14,Plant_B,2.82828,2.242111428
2025-08-15,Plant_B,2.13385,2.315747142
2025-08-16,Plant_B,1.71184,2.198122857
2025-08-17,Plant_B,2.23214,2.099898571
2025-08-18,Plant_B,2.56959,2.177522857
2025-08-19,Plant_B,2.23176,2.235781428
2025-08-20,Plant_B,1.93370,2.234451428
2025-08-21,Plant_B,2.96367,2.253792857
2025-08-22,Plant_B,1.99900,2.234528571
2025-08-23,Plant_B,2.50965,2.348501428
2025-08-24,Plant_B,3.91156,2.588418571
2025-08-25,Plant_B,2.96862,2.645422857
2025-08-26,Plant_B,2.79783,2.726290000
2025-08-27,Plant_B,2.19224,2.763224285
2025-08-28,Plant_B,2.74052,2.731345714
2025-08-29,Plant_B,2.25734,2.768251428
2025-08-30,Plant_B,2.99065,2.836965714
2025-08-31,Plant_B,2.96209,2.701327142
2025-09-01,Plant_B,2.79028,2.675850000
2025-09-02,Plant_B,3.20557,2.734098571
2025-09-03,Plant_B,3.41410,2.908650000
2025-09-04,Plant_B,1.61002,2.747150000
2025-09-05,Plant_B,2.15924,2.733135714
2025-09-06,Plant_B,1.64046,2.540251428
2025-09-07,Plant_B,2.99456,2.544890000
2025-09-08,Plant_B,2.29008,2.473432857
2025-09-09,Plant_B,3.23077,2.477032857
2025-09-10,Plant_B,2.49110,2.345175714
2025-09-11,Plant_B,2.93830,2.534930000
2025-09-12,Plant_B,2.95359,2.648408571
2025-09-13,Plant_B,1.61681,2.645030000
2025-09-14,Plant_B,2.74791,2.609794285
2025-09-15,Plant_B,1.96078,2.562751428
2025-09-16,Plant_B,2.44755,2.450862857
2025-09-17,Plant_B,2.86055,2.503641428
2025-09-18,Plant_B,3.15501,2.534600000
2025-09-19,Plant_B,2.23368,2.431755714
2025-09-20,Plant_B,4.11585,2.788761428
2025-09-21,Plant_B,2.35405,2.732495714
2025-09-22,Plant_B,2.95602,2.874672857
2025-09-23,Plant_B,2.31054,2.855100000
2025-09-24,Plant_B,2.17155,2.756671428
2025-09-25,Plant_B,2.44989,2.655940000
2025-09-26,Plant_B,2.52765,2.697935714
2025-09-27,Plant_B,2.87474,2.520634285
2025-09-28,Plant_B,2.07075,2.480162857
2025-09-29,Plant_B,2.99252,2.485377142
2025-09-30,Plant_B,2.61067,2.528252857
2025-10-01,Plant_B,2.52572,2.578848571
2025-10-02,Plant_B,2.76840,2.624350000
2025-10-03,Plant_B,1.79211,2.519272857
2025-10-04,Plant_B,2.56176,2.474561428
2025-10-05,Plant_B,1.48368,2.390694285
2025-10-06,Plant_B,2.03762,2.254280000
2025-10-07,Plant_B,2.83843,2.286817142
2025-10-08,Plant_B,1.93050,2.201785714
2025-10-09,Plant_B,2.60870,2.178971428
2025-10-10,Plant_B,2.23805,2.242677142
2025-10-11,Plant_B,1.55148,2.098351428
2025-10-12,Plant_B,2.52101,2.246541428
2025-10-13,Plant_B,2.14797,2.262305714
2025-10-14,Plant_B,1.86441,2.123160000
2025-10-15,Plant_B,1.92308,2.122100000
2025-10-16,Plant_B,2.69360,2.134228571
2025-10-17,Plant_B,1.68539,2.055277142
2025-10-18,Plant_B,1.96740,2.114694285
2025-10-19,Plant_B,3.98278,2.323518571
2025-10-20,Plant_B,2.81385,2.418644285
2025-10-21,Plant_B,2.57511,2.520172857
2025-10-22,Plant_B,3.35430,2.724632857
2025-10-23,Plant_B,3.33333,2.816022857
2025-10-24,Plant_B,1.68375,2.815788571
2025-10-25,Plant_B,1.72643,2.781364285
2025-10-26,Plant_B,2.76923,2.608000000
2025-10-27,Plant_B,2.09059,2.504677142
2025-10-28,Plant_B,2.44530,2.486132857
2025-10-29,Plant_B,2.56167,2.372900000
2025-10-30,Plant_B,2.37624,2.236172857
2025-10-31,Plant_B,2.95405,2.417644285
2025-11-01,Plant_B,2.24274,2.491402857
2025-11-02,Plant_B,2.25155,2.417448571
2025-11-03,Plant_B,2.40964,2.463027142
2025-11-04,Plant_B,2.49042,2.469472857
2025-11-05,Plant_B,2.87879,2.514775714
2025-11-06,Plant_B,2.84314,2.581475714
2025-11-07,Plant_B,1.72911,2.406484285
2025-11-08,Plant_B,2.16495,2.395371428
2025-11-09,Plant_B,2.18839,2.386348571
2025-11-10,Plant_B,2.50000,2.399257142
2025-11-11,Plant_B,2.11988,2.346322857
2025-11-12,Plant_B,2.63819,2.311951428
2025-11-13,Plant_B,2.42131,2.251690000
2025-11-14,Plant_B,2.47642,2.358448571
2025-11-15,Plant_B,2.63368,2.425410000
2025-11-16,Plant_B,2.73504,2.503502857
2025-11-17,Plant_B,2.64151,2.523718571
2025-11-18,Plant_B,2.33918,2.555047142
2025-11-19,Plant_B,2.72597,2.567587142
2025-11-20,Plant_B,2.03704,2.512691428
2025-11-21,Plant_B,2.76180,2.553460000
2025-11-22,Plant_B,2.88248,2.589002857
2025-11-23,Plant_B,3.58306,2.710148571
2025-11-24,Plant_B,3.64964,2.854167142
2025-11-25,Plant_B,4.24469,3.126382857
2025-11-26,Plant_B,2.10706,3.037967142
2025-11-27,Plant_B,2.50482,3.104792857
2025-11-28,Plant_B,2.61740,3.084164285
2025-11-29,Plant_B,3.42397,3.161520000
2025-11-30,Plant_B,2.89655,3.063447142
2025-12-01,Plant_B,1.62950,2.774855714
2025-12-02,Plant_B,2.89982,2.582731428
2025-12-03,Plant_B,2.42215,2.627744285
2025-12-04,Plant_B,3.48432,2.767672857
2025-12-05,Plant_B,2.90534,2.808807142
2025-12-06,Plant_B,3.12500,2.766097142
2025-12-07,Plant_B,2.00000,2.638018571
2025-12-08,Plant_B,1.76835,2.657854285
2025-12-09,Plant_B,3.43840,2.734794285
2025-12-10,Plant_B,2.31621,2.719660000
2025-12-11,Plant_B,3.40265,2.707992857
2025-12-12,Plant_B,1.46104,2.501664285
2025-12-13,Plant_B,2.60870,2.427907142
2025-12-14,Plant_B,2.64977,2.520731428
2025-12-15,Plant_B,3.23488,2.730235714
2025-12-16,Plant_B,2.87770,2.650135714
2025-12-17,Plant_B,3.34347,2.796887142
2025-12-18,Plant_B,2.74094,2.702357142
2025-12-19,Plant_B,1.69294,2.735485714
2025-12-20,Plant_B,3.56732,2.872431428
2025-12-21,Plant_B,2.59740,2.864950000
2025-12-22,Plant_B,1.98020,2.685710000
2025-12-23,Plant_B,2.06298,2.569321428
2025-12-24,Plant_B,1.68577,2.332507142
2025-12-25,Plant_B,3.38219,2.424114285
2025-12-26,Plant_B,1.35593,2.375970000
2025-12-27,Plant_B,2.62295,2.241060000
2025-12-28,Plant_B,2.21729,2.186758571
2025-12-29,Plant_B,1.74102,2.152590000
2025-12-30,Plant_B,1.80343,2.115511428
2025-12-31,Plant_B,2.84775,2.281508571
2026-01-01,Plant_B,1.90476,2.070447142
2026-01-02,Plant_B,3.35938,2.356654285
2026-01-03,Plant_B,2.91439,2.398288571
2026-01-04,Plant_B,2.24930,2.402861428
2026-01-05,Plant_B,1.93885,2.431122857
2026-01-06,Plant_B,2.36626,2.511527142
2026-01-07,Plant_B,2.68097,2.487701428
2026-01-08,Plant_B,2.79011,2.614180000
2026-01-09,Plant_B,1.95465,2.413504285
2026-01-10,Plant_B,2.49777,2.353987142
2026-01-11,Plant_B,2.45161,2.382888571
2026-01-12,Plant_B,2.42165,2.451860000
2026-01-13,Plant_B,1.86335,2.380015714
2026-01-14,Plant_B,2.49480,2.353420000
2026-01-15,Plant_B,2.46711,2.307277142
2026-01-16,Plant_B,3.08087,2.468165714
2026-01-17,Plant_B,2.97767,2.536722857
2026-01-18,Plant_B,1.87793,2.454768571
2026-01-19,Plant_B,2.48227,2.463428571
2026-01-20,Plant_B,1.93133,2.473140000
2026-01-21,Plant_B,2.93083,2.535430000
2026-01-22,Plant_B,1.83232,2.444745714
2026-01-23,Plant_B,2.27519,2.329648571
2026-01-24,Plant_B,2.73038,2.294321428
2026-01-25,Plant_B,2.53879,2.388730000
2026-01-26,Plant_B,2.19378,2.347517142
2026-01-27,Plant_B,2.54652,2.435401428
2026-01-28,Plant_B,2.47148,2.369780000
2026-01-29,Plant_B,2.41052,2.452380000
2026-01-30,Plant_B,2.17228,2.437678571
2026-01-31,Plant_B,2.56410,2.413924285
2026-02-01,Plant_B,2.36735,2.389432857
2026-02-02,Plant_B,2.99750,2.504250000
2026-02-03,Plant_B,2.22868,2.458844285
2026-02-04,Plant_B,1.96802,2.386921428
2026-02-05,Plant_B,2.84035,2.448325714
2026-02-06,Plant_B,3.69089,2.665270000
2026-02-07,Plant_B,2.20022,2.613287142
2026-02-08,Plant_B,2.01258,2.562605714
2026-02-09,Plant_B,2.79570,2.533777142
2026-02-10,Plant_B,1.87668,2.483491428
2026-02-11,Plant_B,3.12250,2.648417142
2026-02-12,Plant_B,2.14225,2.548688571
2026-02-13,Plant_B,1.44509,2.227860000
2026-02-14,Plant_B,2.12585,2.217235714
2026-02-15,Plant_B,2.72109,2.318451428
2026-02-16,Plant_B,2.82353,2.322427142
2026-02-17,Plant_B,2.41636,2.399524285
2026-02-18,Plant_B,1.50524,2.168487142
2026-02-19,Plant_B,1.40625,2.063344285
2026-02-20,Plant_B,2.73038,2.246957142
2026-02-21,Plant_B,3.57143,2.453468571
2026-02-22,Plant_B,3.50230,2.565070000
2026-02-23,Plant_B,2.39155,2.503358571
2026-02-24,Plant_B,2.20152,2.472667142
2026-02-25,Plant_B,2.55354,2.622424285
2026-02-26,Plant_B,2.20183,2.736078571
2026-02-27,Plant_B,3.20611,2.804040000
2026-02-28,Plant_B,2.31106,2.623987142
2026-03-01,Plant_B,1.80288,2.381212857
2026-03-02,Plant_B,2.51196,2.398414285
2026-03-03,Plant_B,2.36101,2.421198571
2026-03-04,Plant_B,4.02844,2.631898571
2026-03-05,Plant_B,2.44101,2.666067142
2026-03-06,Plant_B,3.60598,2.723191428
2026-03-07,Plant_B,2.17391,2.703598571
2026-03-08,Plant_B,2.81195,2.847751428
2026-03-09,Plant_B,2.22861,2.807272857
2026-03-10,Plant_B,2.58993,2.839975714
2026-03-11,Plant_B,2.59209,2.634782857
2026-03-12,Plant_B,2.16121,2.594811428
2026-03-13,Plant_B,2.25269,2.401484285
2026-03-14,Plant_B,3.01418,2.521522857
2026-03-15,Plant_B,3.31825,2.593851428
2026-03-16,Plant_B,1.66415,2.513214285
2026-03-17,Plant_B,2.42718,2.489964285
2026-03-18,Plant_B,1.50068,2.334048571
2026-03-19,Plant_B,2.35110,2.361175714
2026-03-20,Plant_B,2.19684,2.353197142
2026-03-21,Plant_B,2.64423,2.300347142
2026-03-22,Plant_B,2.39304,2.168174285
2026-03-23,Plant_B,1.95950,2.210367142
2026-03-24,Plant_B,2.61348,2.236981428
2026-03-25,Plant_B,1.91956,2.296821428
2026-03-26,Plant_B,3.13199,2.408377142
2026-03-27,Plant_B,1.19190,2.264814285
2026-03-28,Plant_B,2.64741,2.265268571
2026-03-29,Plant_B,2.20183,2.237952857
2026-03-30,Plant_B,3.62622,2.476055714
2026-03-31,Plant_B,3.33761,2.579502857
2026-04-01,Plant_B,1.85430,2.570180000
2026-04-02,Plant_B,2.02020,2.411352857
2026-04-03,Plant_B,1.45985,2.449631428
2026-04-04,Plant_B,1.97368,2.353384285
2026-04-05,Plant_B,2.62743,2.414184285
2026-04-06,Plant_B,1.61054,2.126230000
2026-04-07,Plant_B,2.44444,1.998634285
2026-04-08,Plant_B,3.17073,2.186695714
2026-04-09,Plant_B,1.84426,2.161561428
2026-04-10,Plant_B,1.98322,2.236328571
2026-04-11,Plant_B,2.22563,2.272321428
2026-04-12,Plant_B,2.30375,2.226081428
2026-04-13,Plant_B,1.86335,2.262197142
2026-04-14,Plant_B,2.95359,2.334932857
2026-04-15,Plant_B,2.00445,2.168321428
2026-04-16,Plant_B,2.26700,2.228712857
2026-04-17,Plant_B,3.01303,2.375828571
2026-04-18,Plant_B,2.04082,2.349427142
2026-04-19,Plant_B,2.55255,2.384970000
2026-04-20,Plant_B,1.76406,2.370785714
2026-04-21,Plant_B,3.81426,2.493738571
2026-04-22,Plant_B,2.27273,2.532064285
2026-04-23,Plant_B,2.52996,2.569630000
2026-04-24,Plant_B,2.39583,2.481458571
2026-04-25,Plant_B,2.70270,2.576012857
2026-04-26,Plant_B,2.12625,2.515112857
2026-04-27,Plant_B,3.01837,2.694300000
2026-04-28,Plant_B,4.25000,2.756548571
2026-04-29,Plant_B,2.64798,2.810155714
2026-04-30,Plant_B,2.19298,2.762015714
2026-05-01,Plant_B,2.42775,2.766575714
2026-05-02,Plant_B,2.15385,2.688168571
2026-05-03,Plant_B,3.65408,2.906430000
2026-05-04,Plant_B,2.12235,2.778427142
2026-05-05,Plant_B,3.71901,2.702571428
2026-05-06,Plant_B,2.97556,2.749368571
2026-05-07,Plant_B,1.86289,2.702212857
2026-05-08,Plant_B,2.83688,2.760660000
2026-05-09,Plant_B,2.19415,2.766417142
2026-05-10,Plant_B,2.91353,2.660624285
2026-05-11,Plant_B,2.81385,2.759410000
2026-05-12,Plant_B,2.94925,2.649444285
2026-05-13,Plant_B,2.41621,2.569537142
2026-05-14,Plant_B,1.56028,2.526307142
2026-05-15,Plant_B,2.63158,2.496978571
2026-05-16,Plant_B,2.12515,2.487121428
2026-05-17,Plant_B,1.82025,2.330938571
2026-05-18,Plant_B,2.91667,2.345627142
2026-05-19,Plant_B,1.98610,2.208034285
2026-05-20,Plant_B,2.23048,2.181501428
2026-05-21,Plant_B,2.47678,2.312430000
2026-05-22,Plant_B,1.15425,2.101382857
2026-05-23,Plant_B,2.78441,2.195562857
2026-05-24,Plant_B,2.48963,2.291188571
2026-05-25,Plant_B,1.90985,2.147357142
2026-05-26,Plant_B,2.86576,2.273022857
2026-05-27,Plant_B,2.13235,2.259004285
2026-05-28,Plant_B,1.71551,2.150251428
2026-05-29,Plant_B,2.53497,2.347497142
2026-05-30,Plant_B,2.08717,2.247891428
2026-05-31,Plant_B,1.82741,2.153288571
2026-06-01,Plant_B,2.03304,2.170887142
2026-06-02,Plant_B,2.34934,2.097112857
2026-06-03,Plant_B,2.90544,2.207554285
2026-06-04,Plant_B,2.13592,2.267612857
2026-06-05,Plant_B,3.23559,2.367701428
2026-06-06,Plant_B,2.43572,2.417494285
2026-06-07,Plant_B,1.38067,2.353674285
2026-06-08,Plant_B,3.64299,2.583667142
2026-06-09,Plant_B,2.07075,2.543868571
2026-06-10,Plant_B,4.23826,2.734271428
2026-06-11,Plant_B,2.75229,2.822324285
2026-06-12,Plant_B,3.42368,2.849194285
2026-06-13,Plant_B,2.51843,2.861010000
2026-06-14,Plant_B,1.88285,2.932750000
2026-06-15,Plant_B,2.45041,2.762381428
2026-06-16,Plant_B,2.32558,2.798785714
2026-06-17,Plant_B,2.13270,2.497991428
2026-06-18,Plant_B,2.94397,2.525374285
2026-06-19,Plant_B,2.27137,2.360758571
2026-06-20,Plant_B,2.85714,2.409145714
2026-06-21,Plant_B,2.73484,2.530858571
2026-06-22,Plant_B,2.33485,2.514350000
2026-06-23,Plant_B,0.92764,2.314644285
2026-06-24,Plant_B,2.38095,2.350108571
2026-06-25,Plant_B,3.37079,2.411082857
2026-06-26,Plant_B,2.80674,2.487564285
2026-06-27,Plant_B,2.55172,2.443932857
2026-06-28,Plant_B,2.61682,2.427072857
2026-06-29,Plant_B,2.67592,2.475797142
2026-06-30,Plant_B,1.70455,2.586784285
2026-07-01,Plant_B,1.74465,2.495884285
2026-07-02,Plant_B,2.47350,2.367700000
2026-07-03,Plant_B,1.63265,2.199972857
2026-07-04,Plant_B,2.33528,2.169052857
2026-07-05,Plant_B,2.63902,2.172224285
2026-07-06,Plant_B,1.77253,2.043168571
2026-07-07,Plant_B,2.15589,2.107645714
2026-07-08,Plant_B,1.66240,2.095895714
2026-07-09,Plant_B,2.30061,2.071197142
2026-07-10,Plant_B,1.46520,2.047275714
2026-07-11,Plant_B,1.45396,1.921372857
2026-07-12,Plant_B,2.99456,1.972164285
2026-07-13,Plant_B,3.13404,2.166665714
2026-07-14,Plant_B,1.24777,2.036934285
2026-07-15,Plant_B,2.85714,2.207611428
2026-07-16,Plant_B,2.63636,2.255575714
2026-07-17,Plant_B,2.21811,2.363134285
2026-07-18,Plant_B,2.71437,2.543192857
2026-07-19,Plant_B,2.20913,2.430988571
2026-07-20,Plant_B,2.55639,2.348467142
2026-07-21,Plant_B,1.78147,2.424710000
2026-07-22,Plant_B,1.87041,2.283748571
2026-07-23,Plant_B,1.42857,2.111207142
2026-07-24,Plant_B,2.55220,2.158934285
2026-07-25,Plant_B,0.57143,1.852800000
2026-07-26,Plant_B,2.36686,1.875332857
2026-07-27,Plant_B,2.18314,1.822011428
2026-07-28,Plant_B,2.35964,1.904607142
2026-07-29,Plant_B,2.34070,1.971791428
2026-07-30,Plant_B,1.81624,2.027172857
2026-07-31,Plant_B,1.90763,1.935091428
2026-08-01,Plant_B,2.65193,2.232305714
2026-08-02,Plant_B,2.24972,2.215571428
2026-08-03,Plant_B,1.88679,2.173235714
2026-08-04,Plant_B,2.01342,2.123775714
2026-08-05,Plant_B,2.70499,2.175817142
2026-08-06,Plant_B,2.09302,2.215357142
2026-08-07,Plant_B,1.57205,2.167417142
2026-08-08,Plant_B,2.51980,2.148541428
2026-08-09,Plant_B,3.71517,2.357891428
2026-08-10,Plant_B,2.59366,2.458872857
2026-08-11,Plant_B,3.25027,2.635565714
2026-08-12,Plant_B,1.71233,2.493757142
2026-08-13,Plant_B,3.18907,2.650335714
2026-08-14,Plant_B,2.57048,2.792968571
2026-08-15,Plant_B,2.13079,2.737395714
2026-08-16,Plant_B,2.86145,2.615435714
2026-08-17,Plant_B,2.83286,2.649607142
2026-08-18,Plant_B,2.49653,2.541930000
2026-08-19,Plant_B,1.63636,2.531077142
2026-08-20,Plant_B,2.00000,2.361210000
2026-08-21,Plant_B,2.56410,2.360298571
2026-08-22,Plant_B,1.62482,2.288017142
2026-08-23,Plant_B,2.16693,2.188800000
2026-08-24,Plant_B,2.44858,2.133902857
2026-08-25,Plant_B,2.30179,2.106082857
2026-08-26,Plant_B,2.23921,2.192204285
2026-08-27,Plant_B,2.20126,2.220955714
2026-08-28,Plant_B,3.14193,2.303502857
2026-08-29,Plant_B,1.25098,2.250097142
2026-08-30,Plant_B,2.62948,2.316175714
2026-08-31,Plant_B,2.35955,2.303457142
2026-09-01,Plant_B,2.43902,2.323061428
2026-09-02,Plant_B,2.86576,2.412568571
2026-09-03,Plant_B,2.82638,2.501871428
2026-09-04,Plant_B,2.00873,2.339985714
2026-09-05,Plant_B,2.67857,2.543927142
2026-09-06,Plant_B,2.25806,2.490867142
2026-09-07,Plant_B,3.27869,2.622172857
2026-09-08,Plant_B,2.62295,2.648448571
2026-09-09,Plant_B,2.61538,2.612680000
2026-09-10,Plant_B,2.74410,2.600925714
2026-09-11,Plant_B,2.07641,2.610594285
2026-09-12,Plant_B,2.92276,2.645478571
2026-09-13,Plant_B,1.68539,2.563668571
2026-09-14,Plant_B,2.97357,2.520080000
2026-09-15,Plant_B,2.52976,2.506767142
2026-09-16,Plant_B,2.32198,2.464852857
2026-09-17,Plant_B,2.15134,2.380172857
2026-09-18,Plant_B,2.38095,2.423678571
2026-09-19,Plant_B,1.71527,2.251180000
2026-09-20,Plant_B,2.68199,2.393551428
2026-09-21,Plant_B,1.51229,2.184797142
2026-09-22,Plant_B,1.68492,2.064105714
2026-09-23,Plant_B,2.19072,2.045354285
2026-09-24,Plant_B,2.13333,2.042781428
2026-09-25,Plant_B,2.42616,2.049240000
2026-09-26,Plant_B,3.22581,2.265031428
2026-09-27,Plant_B,3.61446,2.398241428
2026-09-28,Plant_B,1.46819,2.391941428
2026-09-29,Plant_B,2.59740,2.522295714
2026-09-30,Plant_B,1.79487,2.465745714
2026-10-01,Plant_B,2.45902,2.512272857
2026-10-02,Plant_B,2.19684,2.479512857
2026-10-03,Plant_B,2.42424,2.365002857
2026-10-04,Plant_B,1.80343,2.106284285
2026-10-05,Plant_B,2.72000,2.285114285
2026-10-06,Plant_B,2.35690,2.250757142
2026-10-07,Plant_B,2.52264,2.354724285
2026-10-08,Plant_B,3.27056,2.470658571
2026-10-09,Plant_B,1.44300,2.362967142
2026-10-10,Plant_B,2.17803,2.327794285
2026-10-11,Plant_B,2.14953,2.377237142
2026-10-12,Plant_B,1.93798,2.265520000
2026-10-13,Plant_B,1.49502,2.142394285
2026-10-14,Plant_B,2.22531,2.099918571
2026-10-15,Plant_B,2.51572,1.992084285
2026-10-16,Plant_B,1.82106,2.046092857
2026-10-17,Plant_B,1.82796,1.996082857
2026-10-18,Plant_B,3.04026,2.123330000
2026-10-19,Plant_B,3.00250,2.275404285
2026-10-20,Plant_B,2.72727,2.451440000
2026-10-21,Plant_B,2.15774,2.441787142
2026-10-22,Plant_B,2.95359,2.504340000
2026-10-23,Plant_B,1.34048,2.435685714
2026-10-24,Plant_B,3.36323,2.655010000
2026-10-25,Plant_B,2.57732,2.588875714
2026-10-26,Plant_B,4.05117,2.738685714
2026-10-27,Plant_B,3.24149,2.812145714
2026-10-28,Plant_B,4.09712,3.089200000
2026-10-29,Plant_B,1.16861,2.834202857
2026-10-30,Plant_B,1.78571,2.897807142
2026-10-31,Plant_B,2.34261,2.752004285
2026-11-01,Plant_B,2.10444,2.684450000
2026-11-02,Plant_B,2.69360,2.490511428
2026-11-03,Plant_B,2.55272,2.392115714
2026-11-04,Plant_B,2.06186,2.101364285
2026-11-05,Plant_B,2.13740,2.239762857
2026-11-06,Plant_B,2.48902,2.340235714
2026-11-07,Plant_B,2.61438,2.379060000
2026-11-08,Plant_B,2.18380,2.390397142
2026-11-09,Plant_B,1.88370,2.274697142
2026-11-10,Plant_B,3.70370,2.439122857
2026-11-11,Plant_B,1.68729,2.385612857
2026-11-12,Plant_B,2.30415,2.409434285
2026-11-13,Plant_B,2.40265,2.397095714
2026-11-14,Plant_B,2.26601,2.347328571
2026-11-15,Plant_B,1.37812,2.232231428
2026-11-16,Plant_B,3.44333,2.455035714
2026-11-17,Plant_B,2.64550,2.303864285
2026-11-18,Plant_B,2.36220,2.400280000
2026-11-19,Plant_B,2.41327,2.415868571
2026-11-20,Plant_B,1.90476,2.344741428
2026-11-21,Plant_B,3.29381,2.491570000
2026-11-22,Plant_B,2.83912,2.700284285
2026-11-23,Plant_B,1.85980,2.474065714
2026-11-24,Plant_B,2.09125,2.394887142
2026-11-25,Plant_B,3.67647,2.582640000
2026-11-26,Plant_B,2.31425,2.568494285
2026-11-27,Plant_B,2.44591,2.645801428
2026-11-28,Plant_B,2.10379,2.475798571
2026-11-29,Plant_B,2.59965,2.441588571
2026-11-30,Plant_B,2.90416,2.590782857
2026-12-01,Plant_B,2.00000,2.577747142
2026-12-02,Plant_B,2.31924,2.383857142
2026-12-03,Plant_B,3.10238,2.496447142
2026-12-04,Plant_B,2.39868,2.489700000
2026-12-05,Plant_B,3.14685,2.638708571
2026-12-06,Plant_B,2.43309,2.614914285
2026-12-07,Plant_B,2.66667,2.580987142
2026-12-08,Plant_B,2.38379,2.635814285
2026-12-09,Plant_B,1.61186,2.534760000
2026-12-10,Plant_B,2.32558,2.423788571
2026-12-11,Plant_B,2.15827,2.389444285
2026-12-12,Plant_B,2.12329,2.243221428
2026-12-13,Plant_B,3.28205,2.364501428
2026-12-14,Plant_B,2.96950,2.407762857
2026-12-15,Plant_B,2.94118,2.487390000
2026-12-16,Plant_B,3.66492,2.780684285
2026-12-17,Plant_B,3.86417,3.000482857
2026-12-18,Plant_B,1.93286,2.968281428
2026-12-19,Plant_B,2.64386,3.042648571
2026-12-20,Plant_B,2.09360,2.872870000
2026-12-21,Plant_B,2.25681,2.771057142
2026-12-22,Plant_B,2.35205,2.686895714
2026-12-23,Plant_B,4.17288,2.759461428
2026-12-24,Plant_B,2.42131,2.553338571
2026-12-25,Plant_B,3.10633,2.720977142
2026-12-26,Plant_B,3.44009,2.834724285
2026-12-27,Plant_B,2.04651,2.827997142
2026-12-28,Plant_B,2.21882,2.822570000
2026-12-29,Plant_B,1.42349,2.689918571
2026-12-30,Plant_B,2.53521,2.455965714
2026-12-31,Plant_B,2.94438,2.530690000
2027-01-01,Plant_B,2.11361,2.388872857
2027-01-02,Plant_B,2.27273,2.222107142
2027-01-03,Plant_B,2.23752,2.249394285
2027-01-04,Plant_B,1.35685,2.126255714
2027-01-05,Plant_B,2.49332,2.279088571
2027-01-06,Plant_B,2.24868,2.238155714
2027-01-07,Plant_B,2.76100,2.211958571
2027-01-08,Plant_B,1.84478,2.173554285
2027-01-09,Plant_B,2.78330,2.246492857
2027-01-10,Plant_B,2.42483,2.273251428
2027-01-11,Plant_B,2.13632,2.384604285
2027-01-12,Plant_B,2.54301,2.391702857
2027-01-13,Plant_B,2.86494,2.479740000
2027-01-14,Plant_B,3.08642,2.526228571
2027-01-15,Plant_B,3.09654,2.705051428
2027-01-16,Plant_B,2.60771,2.679967142
2027-01-17,Plant_B,1.79257,2.589644285
2027-01-18,Plant_B,2.93878,2.704281428
2027-01-19,Plant_B,1.91571,2.614667142
2027-01-20,Plant_B,3.26279,2.671502857
2027-01-21,Plant_B,2.23136,2.549351428
2027-01-22,Plant_B,2.06311,2.401718571
2027-01-23,Plant_B,3.30882,2.501877142
2027-01-24,Plant_B,2.95170,2.667467142
2027-01-25,Plant_B,3.98162,2.816444285
2027-01-26,Plant_B,1.93741,2.819544285
2027-01-27,Plant_B,1.94114,2.630737142
2027-01-28,Plant_B,2.50000,2.669114285
2027-01-29,Plant_B,3.11665,2.819620000
2027-01-30,Plant_B,3.22928,2.808257142
2027-01-31,Plant_B,1.93152,2.662517142
2027-02-01,Plant_B,2.50522,2.451602857
2027-02-02,Plant_B,1.95489,2.454100000
2027-02-03,Plant_B,4.39024,2.803971428
2027-02-04,Plant_B,1.75763,2.697918571
2027-02-05,Plant_B,2.91181,2.668655714
2027-02-06,Plant_B,2.11838,2.509955714
2027-02-07,Plant_B,2.56410,2.600324285
2027-02-08,Plant_B,2.06093,2.536854285
2027-02-09,Plant_B,2.80543,2.658360000
2027-02-10,Plant_B,1.87908,2.299622857
2027-02-11,Plant_B,2.50417,2.406271428
2027-02-12,Plant_B,2.40137,2.333351428
2027-02-13,Plant_B,2.67112,2.412314285
2027-02-14,Plant_B,1.67310,2.285028571
2027-02-15,Plant_B,3.27422,2.458355714
2027-02-16,Plant_B,3.80228,2.600762857
2027-02-17,Plant_B,3.22997,2.793747142
2027-02-18,Plant_B,3.22181,2.896267142
2027-02-19,Plant_B,2.19124,2.866248571
2027-02-20,Plant_B,2.65957,2.864598571
2027-02-21,Plant_B,2.13447,2.930508571
2027-02-22,Plant_B,2.79163,2.861567142
2027-02-23,Plant_B,1.85328,2.583138571
2027-02-24,Plant_B,1.43627,2.326895714
2027-02-25,Plant_B,2.19092,2.179625714
2027-02-26,Plant_B,2.80456,2.267242857
2027-02-27,Plant_B,2.43902,2.235735714
2027-02-28,Plant_B,2.91262,2.346900000
2027-03-01,Plant_B,2.88184,2.359787142
2027-03-02,Plant_B,2.92294,2.512595714
2027-03-03,Plant_B,2.59259,2.677784285
2027-03-04,Plant_B,2.32859,2.697451428
2027-03-05,Plant_B,3.38983,2.781061428
2027-03-06,Plant_B,2.67534,2.814821428
2027-03-07,Plant_B,1.45191,2.606148571
2027-03-08,Plant_B,1.61491,2.425158571
2027-03-09,Plant_B,2.59403,2.378171428
2027-03-10,Plant_B,2.74725,2.400265714
2027-03-11,Plant_B,3.35648,2.547107142
2027-03-12,Plant_B,2.27848,2.388342857
2027-03-13,Plant_B,3.58025,2.517615714
2027-03-14,Plant_B,2.04301,2.602058571
2027-03-15,Plant_B,2.92683,2.789475714
2027-03-16,Plant_B,2.15760,2.727128571
2027-03-17,Plant_B,2.44541,2.684008571
2027-03-18,Plant_B,3.86266,2.756320000
2027-03-19,Plant_B,2.89474,2.844357142
2027-03-20,Plant_B,2.67640,2.715235714
2027-03-21,Plant_B,1.90807,2.695958571
2027-03-22,Plant_B,3.13589,2.725824285
2027-03-23,Plant_B,3.35893,2.897442857
2027-03-24,Plant_B,2.54669,2.911911428
2027-03-25,Plant_B,2.45499,2.710815714
2027-03-26,Plant_B,2.20859,2.612794285
2027-03-27,Plant_B,2.37050,2.569094285
2027-03-28,Plant_B,2.28137,2.622422857
2027-03-29,Plant_B,1.43113,2.378885714
2027-03-30,Plant_B,3.29154,2.369258571
2027-03-31,Plant_B,2.96578,2.429128571
2027-04-01,Plant_B,0.68259,2.175928571
2027-04-02,Plant_B,1.99580,2.145530000
2027-04-03,Plant_B,1.87062,2.074118571
2027-04-04,Plant_B,2.66940,2.129551428
2027-04-05,Plant_B,2.44858,2.274901428
2027-04-06,Plant_B,2.57681,2.172797142
2027-04-07,Plant_B,3.78698,2.290111428
2027-04-08,Plant_B,2.84842,2.599515714
2027-04-09,Plant_B,2.12766,2.618352857
2027-04-10,Plant_B,2.37718,2.690718571
2027-04-11,Plant_B,1.22888,2.484930000
2027-04-12,Plant_B,2.59516,2.505870000
2027-04-13,Plant_B,2.43632,2.485800000
2027-04-14,Plant_B,4.59770,2.601617142
2025-01-01,Plant_C,2.04991,2.049910000
2025-01-02,Plant_C,1.82328,1.936595000
2025-01-03,Plant_C,1.91606,1.929750000
2025-01-04,Plant_C,3.37323,2.290620000
2025-01-05,Plant_C,3.69276,2.571048000
2025-01-06,Plant_C,2.33853,2.532295000
2025-01-07,Plant_C,2.33683,2.504371428
2025-01-08,Plant_C,1.90476,2.483635714
2025-01-09,Plant_C,3.72149,2.754808571
2025-01-10,Plant_C,3.57143,2.991290000
2025-01-11,Plant_C,1.13443,2.671461428
2025-01-12,Plant_C,1.43113,2.348371428
2025-01-13,Plant_C,2.32794,2.346858571
2025-01-14,Plant_C,1.77515,2.266618571
2025-01-15,Plant_C,2.17984,2.305915714
2025-01-16,Plant_C,2.69107,2.158712857
2025-01-17,Plant_C,1.40127,1.848690000
2025-01-18,Plant_C,2.40741,2.030544285
2025-01-19,Plant_C,2.55220,2.190697142
2025-01-20,Plant_C,2.36967,2.196658571
2025-01-21,Plant_C,2.67953,2.325855714
2025-01-22,Plant_C,2.31561,2.345251428
2025-01-23,Plant_C,2.21300,2.276955714
2025-01-24,Plant_C,2.25653,2.399135714
2025-01-25,Plant_C,2.82686,2.459057142
2025-01-26,Plant_C,2.52855,2.455678571
2025-01-27,Plant_C,2.30415,2.446318571
2025-01-28,Plant_C,1.94085,2.340792857
2025-01-29,Plant_C,1.92308,2.284717142
2025-01-30,Plant_C,3.46021,2.462890000
2025-01-31,Plant_C,1.96850,2.421742857
2025-02-01,Plant_C,2.91165,2.433855714
2025-02-02,Plant_C,2.84757,2.479430000
2025-02-03,Plant_C,2.63158,2.526205714
2025-02-04,Plant_C,4.34783,2.870060000
2025-02-05,Plant_C,2.61438,2.968817142
2025-02-06,Plant_C,2.16495,2.783780000
2025-02-07,Plant_C,2.65211,2.881438571
2025-02-08,Plant_C,1.34995,2.658338571
2025-02-09,Plant_C,2.73823,2.642718571
2025-02-10,Plant_C,3.00300,2.695778571
2025-02-11,Plant_C,2.62902,2.450234285
2025-02-12,Plant_C,3.13953,2.525255714
2025-02-13,Plant_C,4.08163,2.799067142
2025-02-14,Plant_C,2.09424,2.719371428
2025-02-15,Plant_C,3.05556,2.963030000
2025-02-16,Plant_C,2.54453,2.935358571
2025-02-17,Plant_C,1.43266,2.711024285
2025-02-18,Plant_C,2.78184,2.732855714
2025-02-19,Plant_C,2.38095,2.624487142
2025-02-20,Plant_C,1.79128,2.297294285
2025-02-21,Plant_C,2.09302,2.297120000
2025-02-22,Plant_C,1.66667,2.098707142
2025-02-23,Plant_C,3.36207,2.215498571
2025-02-24,Plant_C,2.50522,2.368721428
2025-02-25,Plant_C,2.46212,2.323047142
2025-02-26,Plant_C,2.74069,2.374438571
2025-02-27,Plant_C,2.27596,2.443678571
2025-02-28,Plant_C,2.53659,2.507045714
2025-03-01,Plant_C,3.84139,2.817720000
2025-03-02,Plant_C,2.61239,2.710622857
2025-03-03,Plant_C,2.79245,2.751655714
2025-03-04,Plant_C,2.98826,2.826818571
2025-03-05,Plant_C,2.44989,2.785275714
2025-03-06,Plant_C,1.46678,2.669678571
2025-03-07,Plant_C,2.60078,2.678848571
2025-03-08,Plant_C,2.35043,2.465854285
2025-03-09,Plant_C,1.91617,2.366394285
2025-03-10,Plant_C,2.40964,2.311707142
2025-03-11,Plant_C,2.83019,2.289125714
2025-03-12,Plant_C,2.46180,2.290827142
2025-03-13,Plant_C,1.68067,2.321382857
2025-03-14,Plant_C,2.22973,2.268375714
2025-03-15,Plant_C,2.38683,2.273575714
2025-03-16,Plant_C,1.15979,2.165521428
2025-03-17,Plant_C,2.89855,2.235365714
2025-03-18,Plant_C,2.16252,2.139984285
2025-03-19,Plant_C,1.92757,2.063665714
2025-03-20,Plant_C,2.79543,2.222917142
2025-03-21,Plant_C,2.39362,2.246330000
2025-03-22,Plant_C,1.69753,2.147858571
2025-03-23,Plant_C,2.14724,2.288922857
2025-03-24,Plant_C,3.18396,2.329695714
2025-03-25,Plant_C,1.78117,2.275217142
2025-03-26,Plant_C,2.09895,2.299700000
2025-03-27,Plant_C,1.55794,2.122915714
2025-03-28,Plant_C,2.82075,2.183934285
2025-03-29,Plant_C,1.94099,2.218714285
2025-03-30,Plant_C,1.75794,2.163100000
2025-03-31,Plant_C,2.00765,1.995055714
2025-04-01,Plant_C,2.58333,2.109650000
2025-04-02,Plant_C,2.50000,2.166942857
2025-04-03,Plant_C,2.22497,2.262232857
2025-04-04,Plant_C,2.33990,2.193540000
2025-04-05,Plant_C,1.67038,2.154881428
2025-04-06,Plant_C,3.38409,2.387188571
2025-04-07,Plant_C,3.30296,2.572232857
2025-04-08,Plant_C,1.68000,2.443185714
2025-04-09,Plant_C,2.13904,2.391620000
2025-04-10,Plant_C,1.63657,2.307562857
2025-04-11,Plant_C,2.81360,2.375234285
2025-04-12,Plant_C,1.93237,2.412661428
2025-04-13,Plant_C,2.47423,2.282681428
2025-04-14,Plant_C,2.47652,2.164618571
2025-04-15,Plant_C,1.81976,2.184584285
2025-04-16,Plant_C,2.60191,2.250708571
2025-04-17,Plant_C,1.35397,2.210337142
2025-04-18,Plant_C,2.11020,2.109851428
2025-04-19,Plant_C,1.76630,2.086127142
2025-04-20,Plant_C,2.78689,2.130792857
2025-04-21,Plant_C,4.01460,2.350518571
2025-04-22,Plant_C,1.68067,2.330648571
2025-04-23,Plant_C,1.66564,2.196895714
2025-04-24,Plant_C,3.38346,2.486822857
2025-04-25,Plant_C,1.45808,2.393662857
2025-04-26,Plant_C,3.34646,2.619400000
2025-04-27,Plant_C,3.08789,2.662400000
2025-04-28,Plant_C,2.95231,2.510644285
2025-04-29,Plant_C,2.22382,2.588237142
2025-04-30,Plant_C,1.78042,2.604634285
2025-05-01,Plant_C,1.88828,2.391037142
2025-05-02,Plant_C,2.75150,2.575811428
2025-05-03,Plant_C,2.92813,2.516050000
2025-05-04,Plant_C,2.84644,2.481557142
2025-05-05,Plant_C,2.92984,2.478347142
2025-05-06,Plant_C,3.10458,2.604170000
2025-05-07,Plant_C,2.16216,2.658704285
2025-05-08,Plant_C,1.64577,2.624060000
2025-05-09,Plant_C,2.87433,2.641607142
2025-05-10,Plant_C,4.70085,2.894852857
2025-05-11,Plant_C,3.91608,3.047658571
2025-05-12,Plant_C,2.79330,3.028152857
2025-05-13,Plant_C,1.89394,2.855204285
2025-05-14,Plant_C,1.92771,2.821711428
2025-05-15,Plant_C,2.47525,2.940208571
2025-05-16,Plant_C,2.04724,2.822052857
2025-05-17,Plant_C,2.40385,2.493910000
2025-05-18,Plant_C,1.51203,2.150474285
2025-05-19,Plant_C,1.78268,2.006100000
2025-05-20,Plant_C,3.70370,2.264637142
2025-05-21,Plant_C,2.58065,2.357914285
2025-05-22,Plant_C,2.33362,2.337681428
2025-05-23,Plant_C,2.50348,2.402858571
2025-05-24,Plant_C,3.21058,2.518105714
2025-05-25,Plant_C,1.89394,2.572664285
2025-05-26,Plant_C,1.59119,2.545308571
2025-05-27,Plant_C,1.74672,2.265740000
2025-05-28,Plant_C,2.48796,2.252498571
2025-05-29,Plant_C,2.79835,2.318888571
2025-05-30,Plant_C,3.16056,2.412757142
2025-05-31,Plant_C,2.56112,2.319977142
2025-06-01,Plant_C,1.65289,2.285541428
2025-06-02,Plant_C,2.14153,2.364161428
2025-06-03,Plant_C,1.76715,2.367080000
2025-06-04,Plant_C,2.32333,2.343561428
2025-06-05,Plant_C,2.79823,2.343544285
2025-06-06,Plant_C,1.79584,2.148584285
2025-06-07,Plant_C,2.66272,2.163098571
2025-06-08,Plant_C,2.86104,2.335691428
2025-06-09,Plant_C,2.83688,2.435027142
2025-06-10,Plant_C,1.88273,2.451538571
2025-06-11,Plant_C,3.12989,2.566761428
2025-06-12,Plant_C,3.44828,2.659625714
2025-06-13,Plant_C,1.77620,2.656820000
2025-06-14,Plant_C,2.96912,2.700591428
2025-06-15,Plant_C,2.87770,2.702971428
2025-06-16,Plant_C,2.63566,2.674225714
2025-06-17,Plant_C,1.19177,2.575517142
2025-06-18,Plant_C,2.87958,2.539758571
2025-06-19,Plant_C,2.25904,2.369867142
2025-06-20,Plant_C,2.99539,2.544037142
2025-06-21,Plant_C,2.19512,2.433465714
2025-06-22,Plant_C,2.40550,2.366008571
2025-06-23,Plant_C,1.91571,2.263158571
2025-06-24,Plant_C,1.81564,2.352282857
2025-06-25,Plant_C,2.82638,2.344682857
2025-06-26,Plant_C,2.28928,2.349002857
2025-06-27,Plant_C,1.80476,2.178912857
2025-06-28,Plant_C,2.90076,2.279718571
2025-06-29,Plant_C,2.19982,2.250335714
2025-06-30,Plant_C,3.41232,2.464137142
2025-07-01,Plant_C,2.40848,2.548828571
2025-07-02,Plant_C,2.83126,2.549525714
2025-07-03,Plant_C,2.23124,2.541234285
2025-07-04,Plant_C,2.21160,2.599354285
2025-07-05,Plant_C,2.57611,2.552975714
2025-07-06,Plant_C,3.60465,2.753665714
2025-07-07,Plant_C,1.97368,2.548145714
2025-07-08,Plant_C,3.74332,2.738837142
2025-07-09,Plant_C,2.74551,2.726587142
2025-07-10,Plant_C,2.66921,2.789154285
2025-07-11,Plant_C,2.41597,2.818350000
2025-07-12,Plant_C,1.93402,2.726622857
2025-07-13,Plant_C,2.34848,2.547170000
2025-07-14,Plant_C,2.35294,2.601350000
2025-07-15,Plant_C,1.94473,2.344408571
2025-07-16,Plant_C,1.86047,2.217974285
2025-07-17,Plant_C,1.89791,2.107788571
2025-07-18,Plant_C,3.31754,2.236584285
2025-07-19,Plant_C,2.84738,2.367064285
2025-07-20,Plant_C,2.23404,2.350715714
2025-07-21,Plant_C,1.52801,2.232868571
2025-07-22,Plant_C,2.02899,2.244905714
2025-07-23,Plant_C,2.03666,2.270075714
2025-07-24,Plant_C,2.80505,2.399667142
2025-07-25,Plant_C,2.05479,2.219274285
2025-07-26,Plant_C,2.37781,2.152192857
2025-07-27,Plant_C,3.83275,2.380580000
2025-07-28,Plant_C,2.61097,2.535288571
2025-07-29,Plant_C,1.76796,2.497998571
2025-07-30,Plant_C,2.68418,2.590501428
2025-07-31,Plant_C,2.21566,2.506302857
2025-08-01,Plant_C,2.17391,2.523320000
2025-08-02,Plant_C,1.57859,2.409145714
2025-08-03,Plant_C,1.46386,2.070732857
2025-08-04,Plant_C,2.63336,2.073931428
2025-08-05,Plant_C,1.96335,2.101844285
2025-08-06,Plant_C,3.30368,2.190344285
2025-08-07,Plant_C,2.70479,2.260220000
2025-08-08,Plant_C,3.27103,2.416951428
2025-08-09,Plant_C,1.42322,2.394755714
2025-08-10,Plant_C,2.40000,2.528490000
2025-08-11,Plant_C,2.00772,2.439112857
2025-08-12,Plant_C,3.14875,2.608455714
2025-08-13,Plant_C,2.55885,2.502051428
2025-08-14,Plant_C,2.30263,2.444600000
2025-08-15,Plant_C,2.60492,2.349441428
2025-08-16,Plant_C,2.33463,2.479642857
2025-08-17,Plant_C,1.35135,2.329835714
2025-08-18,Plant_C,2.95720,2.465475714
2025-08-19,Plant_C,2.86576,2.425048571
2025-08-20,Plant_C,2.67983,2.442331428
2025-08-21,Plant_C,2.23510,2.432684285
2025-08-22,Plant_C,3.88128,2.615021428
2025-08-23,Plant_C,2.71565,2.669452857
2025-08-24,Plant_C,2.45023,2.826435714
2025-08-25,Plant_C,2.17566,2.714787142
2025-08-26,Plant_C,2.49252,2.661467142
2025-08-27,Plant_C,2.89093,2.691624285
2025-08-28,Plant_C,2.35294,2.708458571
2025-08-29,Plant_C,2.59019,2.524017142
2025-08-30,Plant_C,1.79669,2.392737142
2025-08-31,Plant_C,3.25112,2.507150000
2025-09-01,Plant_C,2.06349,2.491125714
2025-09-02,Plant_C,1.69811,2.377638571
2025-09-03,Plant_C,2.07297,2.260787142
2025-09-04,Plant_C,1.92893,2.200214285
2025-09-05,Plant_C,2.73484,2.220878571
2025-09-06,Plant_C,1.73116,2.211517142
2025-09-07,Plant_C,2.39044,2.088562857
2025-09-08,Plant_C,2.89079,2.206748571
2025-09-09,Plant_C,2.14669,2.270831428
2025-09-10,Plant_C,2.31065,2.304785714
2025-09-11,Plant_C,1.94805,2.307517142
2025-09-12,Plant_C,2.99228,2.344294285
2025-09-13,Plant_C,3.21101,2.555701428
2025-09-14,Plant_C,2.65018,2.592807142
2025-09-15,Plant_C,2.46801,2.532410000
2025-09-16,Plant_C,3.02775,2.658275714
2025-09-17,Plant_C,2.20941,2.643812857
2025-09-18,Plant_C,2.30880,2.695348571
2025-09-19,Plant_C,1.53153,2.486670000
2025-09-20,Plant_C,1.47368,2.238480000
2025-09-21,Plant_C,1.35397,2.053307142
2025-09-22,Plant_C,1.41557,1.902958571
2025-09-23,Plant_C,2.37530,1.809751428
2025-09-24,Plant_C,3.11070,1.938507142
2025-09-25,Plant_C,1.70940,1.852878571
2025-09-26,Plant_C,2.17670,1.945045714
2025-09-27,Plant_C,1.82421,1.995121428
2025-09-28,Plant_C,2.38516,2.142434285
2025-09-29,Plant_C,3.18182,2.394755714
2025-09-30,Plant_C,1.60858,2.285224285
2025-10-01,Plant_C,1.23367,2.017077142
2025-10-02,Plant_C,1.60833,2.002638571
2025-10-03,Plant_C,2.78884,2.090087142
2025-10-04,Plant_C,4.95413,2.537218571
2025-10-05,Plant_C,2.59291,2.566897142
2025-10-06,Plant_C,1.75553,2.363141428
2025-10-07,Plant_C,2.41998,2.479055714
2025-10-08,Plant_C,3.25670,2.768060000
2025-10-09,Plant_C,2.58418,2.907467142
2025-10-10,Plant_C,2.06254,2.803710000
2025-10-11,Plant_C,1.93237,2.372030000
2025-10-12,Plant_C,1.52244,2.219105714
2025-10-13,Plant_C,1.45719,2.176485714
2025-10-14,Plant_C,1.96078,2.110885714
2025-10-15,Plant_C,3.41048,2.132854285
2025-10-16,Plant_C,2.80736,2.164737142
2025-10-17,Plant_C,2.08333,2.167707142
2025-10-18,Plant_C,0.80429,2.006552857
2025-10-19,Plant_C,2.30483,2.118322857
2025-10-20,Plant_C,2.66379,2.290694285
2025-10-21,Plant_C,3.29835,2.481775714
2025-10-22,Plant_C,1.92160,2.269078571
2025-10-23,Plant_C,2.12604,2.171747142
2025-10-24,Plant_C,1.90114,2.145720000
2025-10-25,Plant_C,2.66990,2.412235714
2025-10-26,Plant_C,2.54144,2.446037142
2025-10-27,Plant_C,2.21998,2.382635714
2025-10-28,Plant_C,4.54545,2.560792857
2025-10-29,Plant_C,1.72414,2.532584285
2025-10-30,Plant_C,2.23005,2.547442857
2025-10-31,Plant_C,2.09472,2.575097142
2025-11-01,Plant_C,2.14439,2.500024285
2025-11-02,Plant_C,2.20357,2.451757142
2025-11-03,Plant_C,2.58303,2.503621428
2025-11-04,Plant_C,1.90763,2.126790000
2025-11-05,Plant_C,1.95035,2.159105714
2025-11-06,Plant_C,2.14461,2.146900000
2025-11-07,Plant_C,2.71493,2.235501428
2025-11-08,Plant_C,2.78351,2.326804285
2025-11-09,Plant_C,1.92771,2.287395714
2025-11-10,Plant_C,1.82882,2.179651428
2025-11-11,Plant_C,2.82132,2.310178571
2025-11-12,Plant_C,3.72960,2.564357142
2025-11-13,Plant_C,2.16895,2.567834285
2025-11-14,Plant_C,2.75862,2.574075714
2025-11-15,Plant_C,3.27332,2.644048571
2025-11-16,Plant_C,1.74672,2.618192857
2025-11-17,Plant_C,2.49799,2.713788571
2025-11-18,Plant_C,2.25080,2.632285714
2025-11-19,Plant_C,2.13333,2.404247142
2025-11-20,Plant_C,1.73697,2.342535714
2025-11-21,Plant_C,1.81543,2.207794285
2025-11-22,Plant_C,2.59330,2.110648571
2025-11-23,Plant_C,2.91829,2.278015714
2025-11-24,Plant_C,2.16216,2.230040000
2025-11-25,Plant_C,2.16777,2.218178571
2025-11-26,Plant_C,2.79938,2.313328571
2025-11-27,Plant_C,3.00261,2.494134285
2025-11-28,Plant_C,3.64212,2.755090000
2025-11-29,Plant_C,3.23786,2.847170000
2025-11-30,Plant_C,2.02312,2.719288571
2025-12-01,Plant_C,2.65082,2.789097142
2025-12-02,Plant_C,3.37662,2.961790000
2025-12-03,Plant_C,3.84255,3.110814285
2025-12-04,Plant_C,2.82885,3.085991428
2025-12-05,Plant_C,1.44110,2.771560000
2025-12-06,Plant_C,2.05714,2.602885714
2025-12-07,Plant_C,3.14183,2.762701428
2025-12-08,Plant_C,3.89610,2.940598571
2025-12-09,Plant_C,3.36943,2.939571428
2025-12-10,Plant_C,3.31429,2.864105714
2025-12-11,Plant_C,1.81590,2.719398571
2025-12-12,Plant_C,2.58373,2.882631428
2025-12-13,Plant_C,1.84230,2.851940000
2025-12-14,Plant_C,2.03901,2.694394285
2025-12-15,Plant_C,2.10177,2.438061428
2025-12-16,Plant_C,2.87611,2.367587142
2025-12-17,Plant_C,1.66052,2.131334285
2025-12-18,Plant_C,3.22034,2.331968571
2025-12-19,Plant_C,3.66162,2.485952857
2025-12-20,Plant_C,1.74927,2.472662857
2025-12-21,Plant_C,2.96875,2.605482857
2025-12-22,Plant_C,3.18966,2.760895714
2025-12-23,Plant_C,2.50951,2.708524285
2025-12-24,Plant_C,2.10396,2.771872857
2025-12-25,Plant_C,2.39044,2.653315714
2025-12-26,Plant_C,2.60664,2.502604285
2025-12-27,Plant_C,2.97700,2.677994285
2025-12-28,Plant_C,2.65193,2.632734285
2025-12-29,Plant_C,2.18723,2.489530000
2025-12-30,Plant_C,3.57143,2.641232857
2025-12-31,Plant_C,1.96078,2.620778571
2026-01-01,Plant_C,1.36209,2.473871428
2026-01-02,Plant_C,2.01005,2.388644285
2026-01-03,Plant_C,2.97952,2.389004285
2026-01-04,Plant_C,2.86070,2.418828571
2026-01-05,Plant_C,2.58449,2.475580000
2026-01-06,Plant_C,2.84553,2.371880000
2026-01-07,Plant_C,2.28873,2.418730000
2026-01-08,Plant_C,1.79211,2.480161428
2026-01-09,Plant_C,2.31362,2.523528571
2026-01-10,Plant_C,2.35507,2.434321428
2026-01-11,Plant_C,2.76786,2.421058571
2026-01-12,Plant_C,2.96150,2.474917142
2026-01-13,Plant_C,1.12853,2.229631428
2026-01-14,Plant_C,2.78330,2.300284285
2026-01-15,Plant_C,3.21543,2.503615714
2026-01-16,Plant_C,2.56046,2.538878571
2026-01-17,Plant_C,2.64271,2.579970000
2026-01-18,Plant_C,3.39883,2.670108571
2026-01-19,Plant_C,2.77350,2.643251428
2026-01-20,Plant_C,2.87846,2.893241428
2026-01-21,Plant_C,1.52047,2.712837142
2026-01-22,Plant_C,1.54028,2.473530000
2026-01-23,Plant_C,2.83019,2.512062857
2026-01-24,Plant_C,3.82166,2.680484285
2026-01-25,Plant_C,2.22956,2.513445714
2026-01-26,Plant_C,2.83401,2.522090000
2026-01-27,Plant_C,2.59366,2.481404285
2026-01-28,Plant_C,2.11321,2.566081428
2026-01-29,Plant_C,2.46809,2.698625714
2026-01-30,Plant_C,2.08127,2.591637142
2026-01-31,Plant_C,2.76243,2.440318571
2026-02-01,Plant_C,2.64550,2.499738571
2026-02-02,Plant_C,2.17391,2.405438571
2026-02-03,Plant_C,2.37069,2.373585714
2026-02-04,Plant_C,4.88166,2.769078571
2026-02-05,Plant_C,2.77778,2.813320000
2026-02-06,Plant_C,2.65554,2.895358571
2026-02-07,Plant_C,2.93478,2.919980000
2026-02-08,Plant_C,2.22222,2.859511428
2026-02-09,Plant_C,2.14592,2.855512857
2026-02-10,Plant_C,2.15558,2.824782857
2026-02-11,Plant_C,3.28103,2.596121428
2026-02-12,Plant_C,2.48062,2.553670000
2026-02-13,Plant_C,2.94659,2.595248571
2026-02-14,Plant_C,2.65273,2.554955714
2026-02-15,Plant_C,2.35426,2.573818571
2026-02-16,Plant_C,1.60067,2.495925714
2026-02-17,Plant_C,1.92864,2.463505714
2026-02-18,Plant_C,1.78571,2.249888571
2026-02-19,Plant_C,2.39398,2.237511428
2026-02-20,Plant_C,2.61248,2.189781428
2026-02-21,Plant_C,2.85423,2.218567142
2026-02-22,Plant_C,2.11554,2.184464285
2026-02-23,Plant_C,2.86697,2.365364285
2026-02-24,Plant_C,2.57937,2.458325714
2026-02-25,Plant_C,2.50482,2.561055714
2026-02-26,Plant_C,2.08333,2.516677142
2026-02-27,Plant_C,4.45151,2.779395714
2026-02-28,Plant_C,2.44648,2.721145714
2026-03-01,Plant_C,4.00000,2.990354285
2026-03-02,Plant_C,2.27273,2.905462857
2026-03-03,Plant_C,1.92132,2.811455714
2026-03-04,Plant_C,3.02326,2.885518571
2026-03-05,Plant_C,2.45989,2.939312857
2026-03-06,Plant_C,1.80033,2.560572857
2026-03-07,Plant_C,2.79938,2.610987142
2026-03-08,Plant_C,2.25269,2.361371428
2026-03-09,Plant_C,2.11800,2.339267142
2026-03-10,Plant_C,2.53576,2.427044285
2026-03-11,Plant_C,1.45985,2.203700000
2026-03-12,Plant_C,1.27796,2.034852857
2026-03-13,Plant_C,3.05755,2.214455714
2026-03-14,Plant_C,2.41199,2.159114285
2026-03-15,Plant_C,2.08024,2.134478571
2026-03-16,Plant_C,2.00211,2.117922857
2026-03-17,Plant_C,2.19245,2.068878571
2026-03-18,Plant_C,2.22841,2.178672857
2026-03-19,Plant_C,2.89079,2.409077142
2026-03-20,Plant_C,2.73823,2.363460000
2026-03-21,Plant_C,2.09205,2.317754285
2026-03-22,Plant_C,2.39282,2.362408571
2026-03-23,Plant_C,2.02532,2.365724285
2026-03-24,Plant_C,3.38983,2.536778571
2026-03-25,Plant_C,2.35823,2.555324285
2026-03-26,Plant_C,2.28571,2.468884285
2026-03-27,Plant_C,2.10280,2.378108571
2026-03-28,Plant_C,3.49650,2.578744285
2026-03-29,Plant_C,2.37660,2.576427142
2026-03-30,Plant_C,2.28873,2.614057142
2026-03-31,Plant_C,2.23881,2.449625714
2026-04-01,Plant_C,2.40385,2.456142857
2026-04-02,Plant_C,1.31694,2.317747142
2026-04-03,Plant_C,1.94444,2.295124285
2026-04-04,Plant_C,1.35747,1.989548571
2026-04-05,Plant_C,2.05198,1.943174285
2026-04-06,Plant_C,2.54692,1.980058571
2026-04-07,Plant_C,1.84366,1.923608571
2026-04-08,Plant_C,3.91061,2.138860000
2026-04-09,Plant_C,2.70636,2.337348571
2026-04-10,Plant_C,4.01567,2.633238571
2026-04-11,Plant_C,3.13837,2.887652857
2026-04-12,Plant_C,2.14634,2.901132857
2026-04-13,Plant_C,2.42326,2.883467142
2026-04-14,Plant_C,3.10192,3.063218571
2026-04-15,Plant_C,1.24224,2.682022857
2026-04-16,Plant_C,2.70479,2.681798571
2026-04-17,Plant_C,1.35542,2.301762857
2026-04-18,Plant_C,4.47531,2.492754285
2026-04-19,Plant_C,2.55363,2.550938571
2026-04-20,Plant_C,2.67528,2.586941428
2026-04-21,Plant_C,2.52270,2.504195714
2026-04-22,Plant_C,3.24374,2.790124285
2026-04-23,Plant_C,2.33978,2.737980000
2026-04-24,Plant_C,3.57143,3.054552857
2026-04-25,Plant_C,3.60206,2.929802857
2026-04-26,Plant_C,1.79325,2.821177142
2026-04-27,Plant_C,2.15883,2.747398571
2026-04-28,Plant_C,2.22073,2.704260000
2026-04-29,Plant_C,3.42657,2.730378571
2026-04-30,Plant_C,2.72904,2.785987142
2026-05-01,Plant_C,1.81452,2.535000000
2026-05-02,Plant_C,2.21169,2.336375714
2026-05-03,Plant_C,2.50660,2.438282857
2026-05-04,Plant_C,1.93103,2.405740000
2026-05-05,Plant_C,2.78746,2.486701428
2026-05-06,Plant_C,2.80736,2.398242857
2026-05-07,Plant_C,1.60214,2.237257142
2026-05-08,Plant_C,2.36337,2.315664285
2026-05-09,Plant_C,3.49076,2.498388571
2026-05-10,Plant_C,1.65631,2.376918571
2026-05-11,Plant_C,2.16383,2.410175714
2026-05-12,Plant_C,1.80451,2.269754285
2026-05-13,Plant_C,3.34975,2.347238571
2026-05-14,Plant_C,2.37358,2.457444285
2026-05-15,Plant_C,3.34225,2.597284285
2026-05-16,Plant_C,2.31054,2.428681428
2026-05-17,Plant_C,2.20751,2.507424285
2026-05-18,Plant_C,2.08568,2.496260000
2026-05-19,Plant_C,2.79805,2.638194285
2026-05-20,Plant_C,2.57164,2.527035714
2026-05-21,Plant_C,2.08333,2.485571428
2026-05-22,Plant_C,3.42105,2.496828571
2026-05-23,Plant_C,2.74964,2.559557142
2026-05-24,Plant_C,3.03030,2.677098571
2026-05-25,Plant_C,2.16963,2.689091428
2026-05-26,Plant_C,2.86494,2.698647142
2026-05-27,Plant_C,2.30326,2.660307142
2026-05-28,Plant_C,1.93939,2.639744285
2026-05-29,Plant_C,4.45344,2.787228571
2026-05-30,Plant_C,2.29885,2.722830000
2026-05-31,Plant_C,2.65655,2.669437142
2026-06-01,Plant_C,2.70936,2.746541428
2026-06-02,Plant_C,2.87687,2.748245714
2026-06-03,Plant_C,3.13901,2.867638571
2026-06-04,Plant_C,2.90503,3.005587142
2026-06-05,Plant_C,2.72835,2.759145714
2026-06-06,Plant_C,2.37248,2.769664285
2026-06-07,Plant_C,1.43403,2.595018571
2026-06-08,Plant_C,1.66667,2.446062857
2026-06-09,Plant_C,2.11946,2.337861428
2026-06-10,Plant_C,3.04311,2.324161428
2026-06-11,Plant_C,2.30701,2.238730000
2026-06-12,Plant_C,4.04040,2.426165714
2026-06-13,Plant_C,2.48227,2.441850000
2026-06-14,Plant_C,2.14133,2.542892857
2026-06-15,Plant_C,1.59119,2.532110000
2026-06-16,Plant_C,2.98507,2.655768571
2026-06-17,Plant_C,2.19033,2.533942857
2026-06-18,Plant_C,1.88679,2.473911428
2026-06-19,Plant_C,1.69133,2.138330000
2026-06-20,Plant_C,3.60169,2.298247142
2026-06-21,Plant_C,2.47168,2.345440000
2026-06-22,Plant_C,1.77778,2.372095714
2026-06-23,Plant_C,3.49026,2.444265714
2026-06-24,Plant_C,1.85590,2.396490000
2026-06-25,Plant_C,1.68776,2.368057142
2026-06-26,Plant_C,1.30435,2.312774285
2026-06-27,Plant_C,2.47453,2.151751428
2026-06-28,Plant_C,3.44288,2.290494285
2026-06-29,Plant_C,1.90404,2.308531428
2026-06-30,Plant_C,1.85430,2.074822857
2026-07-01,Plant_C,2.96524,2.233300000
2026-07-02,Plant_C,2.16920,2.302077142
2026-07-03,Plant_C,1.61414,2.346332857
2026-07-04,Plant_C,2.32240,2.324600000
2026-07-05,Plant_C,1.43266,2.037425714
2026-07-06,Plant_C,1.90678,2.037817142
2026-07-07,Plant_C,3.69650,2.300988571
2026-07-08,Plant_C,1.60550,2.106740000
2026-07-09,Plant_C,2.27596,2.121991428
2026-07-10,Plant_C,2.34899,2.226970000
2026-07-11,Plant_C,2.02703,2.184774285
2026-07-12,Plant_C,2.25225,2.301858571
2026-07-13,Plant_C,2.86533,2.438794285
2026-07-14,Plant_C,3.26714,2.377457142
2026-07-15,Plant_C,2.33871,2.482201428
2026-07-16,Plant_C,1.56454,2.380570000
2026-07-17,Plant_C,1.95465,2.324235714
2026-07-18,Plant_C,2.18487,2.346784285
2026-07-19,Plant_C,1.58103,2.250895714
2026-07-20,Plant_C,1.39697,2.041130000
2026-07-21,Plant_C,2.13415,1.879274285
2026-07-22,Plant_C,1.62242,1.776947142
2026-07-23,Plant_C,3.10000,1.996298571
2026-07-24,Plant_C,1.76018,1.968517142
2026-07-25,Plant_C,2.18239,1.968162857
2026-07-26,Plant_C,4.08416,2.325752857
2026-07-27,Plant_C,1.85529,2.391227142
2026-07-28,Plant_C,1.75879,2.337604285
2026-07-29,Plant_C,2.59516,2.476567142
2026-07-30,Plant_C,2.22222,2.351170000
2026-07-31,Plant_C,4.04412,2.677447142
2026-08-01,Plant_C,2.67380,2.747648571
2026-08-02,Plant_C,2.31766,2.495291428
2026-08-03,Plant_C,2.02128,2.519004285
2026-08-04,Plant_C,3.07868,2.707560000
2026-08-05,Plant_C,2.19941,2.651024285
2026-08-06,Plant_C,2.20418,2.648447142
2026-08-07,Plant_C,1.45867,2.279097142
2026-08-08,Plant_C,2.36111,2.234427142
2026-08-09,Plant_C,2.91667,2.320000000
2026-08-10,Plant_C,2.44591,2.380661428
2026-08-11,Plant_C,2.90771,2.356237142
2026-08-12,Plant_C,3.29929,2.513362857
2026-08-13,Plant_C,1.79682,2.455168571
2026-08-14,Plant_C,3.71820,2.777958571
2026-08-15,Plant_C,3.30579,2.912912857
2026-08-16,Plant_C,1.77936,2.750440000
2026-08-17,Plant_C,2.10728,2.702064285
2026-08-18,Plant_C,2.07352,2.582894285
2026-08-19,Plant_C,1.88806,2.381290000
2026-08-20,Plant_C,3.03983,2.558862857
2026-08-21,Plant_C,2.34114,2.362140000
2026-08-22,Plant_C,2.37467,2.229122857
2026-08-23,Plant_C,2.03304,2.265362857
2026-08-24,Plant_C,2.15385,2.272015714
2026-08-25,Plant_C,2.29192,2.303215714
2026-08-26,Plant_C,3.22581,2.494322857
2026-08-27,Plant_C,3.17881,2.514177142
2026-08-28,Plant_C,2.50865,2.538107142
2026-08-29,Plant_C,3.99306,2.769305714
2026-08-30,Plant_C,1.44509,2.685312857
2026-08-31,Plant_C,4.31655,2.994270000
2026-09-01,Plant_C,1.91882,2.940970000
2026-09-02,Plant_C,3.28515,2.949447142
2026-09-03,Plant_C,3.22004,2.955337142
2026-09-04,Plant_C,1.22044,2.771307142
2026-09-05,Plant_C,3.82082,2.746701428
2026-09-06,Plant_C,2.39726,2.882725714
2026-09-07,Plant_C,2.01149,2.553431428
2026-09-08,Plant_C,1.85841,2.544801428
2026-09-09,Plant_C,2.37288,2.414477142
2026-09-10,Plant_C,3.12500,2.400900000
2026-09-11,Plant_C,2.90135,2.641030000
2026-09-12,Plant_C,2.39899,2.437911428
2026-09-13,Plant_C,2.21882,2.412420000
2026-09-14,Plant_C,2.43902,2.473495714
2026-09-15,Plant_C,1.84564,2.471671428
2026-09-16,Plant_C,3.60963,2.648350000
2026-09-17,Plant_C,2.75665,2.595728571
2026-09-18,Plant_C,2.30850,2.511035714
2026-09-19,Plant_C,2.50522,2.526211428
2026-09-20,Plant_C,1.94665,2.487330000
2026-09-21,Plant_C,2.03774,2.430004285
2026-09-22,Plant_C,2.07900,2.463341428
2026-09-23,Plant_C,1.62767,2.180204285
2026-09-24,Plant_C,2.14116,2.092277142
2026-09-25,Plant_C,2.25632,2.084822857
2026-09-26,Plant_C,2.18538,2.039131428
2026-09-27,Plant_C,2.70270,2.147138571
2026-09-28,Plant_C,4.22297,2.459314285
2026-09-29,Plant_C,2.13723,2.467632857
2026-09-30,Plant_C,1.57211,2.459695714
2026-10-01,Plant_C,2.29008,2.480970000
2026-10-02,Plant_C,3.03030,2.591538571
2026-10-03,Plant_C,2.53432,2.641387142
2026-10-04,Plant_C,2.76198,2.649855714
2026-10-05,Plant_C,1.71265,2.291238571
2026-10-06,Plant_C,2.64106,2.363214285
2026-10-07,Plant_C,1.90000,2.410055714
2026-10-08,Plant_C,2.23881,2.402731428
2026-10-09,Plant_C,2.28167,2.295784285
2026-10-10,Plant_C,2.21271,2.249840000
2026-10-11,Plant_C,2.25303,2.177132857
2026-10-12,Plant_C,2.63959,2.309552857
2026-10-13,Plant_C,2.39808,2.274841428
2026-10-14,Plant_C,2.52525,2.364162857
2026-10-15,Plant_C,3.05499,2.480760000
2026-10-16,Plant_C,2.07940,2.451864285
2026-10-17,Plant_C,2.88210,2.547491428
2026-10-18,Plant_C,2.38411,2.566217142
2026-10-19,Plant_C,1.86824,2.456024285
2026-10-20,Plant_C,1.81992,2.373430000
2026-10-21,Plant_C,2.45580,2.363508571
2026-10-22,Plant_C,4.80349,2.613294285
2026-10-23,Plant_C,1.79372,2.572482857
2026-10-24,Plant_C,1.80995,2.419318571
2026-10-25,Plant_C,2.94118,2.498900000
2026-10-26,Plant_C,2.65060,2.610665714
2026-10-27,Plant_C,2.82776,2.754642857
2026-10-28,Plant_C,2.83688,2.809082857
2026-10-29,Plant_C,1.69062,2.364387142
2026-10-30,Plant_C,3.01399,2.538711428
2026-10-31,Plant_C,1.83113,2.541737142
2026-11-01,Plant_C,3.24074,2.584531428
2026-11-02,Plant_C,2.53378,2.567842857
2026-11-03,Plant_C,2.43137,2.511215714
2026-11-04,Plant_C,2.33258,2.439172857
2026-11-05,Plant_C,2.17391,2.508214285
2026-11-06,Plant_C,2.46914,2.430378571
2026-11-07,Plant_C,2.25806,2.491368571
2026-11-08,Plant_C,2.38806,2.369557142
2026-11-09,Plant_C,1.92308,2.282314285
2026-11-10,Plant_C,2.46407,2.286985714
2026-11-11,Plant_C,2.30453,2.282978571
2026-11-12,Plant_C,3.37255,2.454212857
2026-11-13,Plant_C,2.89687,2.515317142
2026-11-14,Plant_C,2.18447,2.504804285
2026-11-15,Plant_C,2.83224,2.568258571
2026-11-16,Plant_C,2.67857,2.676185714
2026-11-17,Plant_C,2.75735,2.718082857
2026-11-18,Plant_C,1.61725,2.619900000
2026-11-19,Plant_C,2.05086,2.431087142
2026-11-20,Plant_C,3.30275,2.489070000
2026-11-21,Plant_C,1.47638,2.387914285
2026-11-22,Plant_C,2.01835,2.271644285
2026-11-23,Plant_C,2.58467,2.258230000
2026-11-24,Plant_C,3.28947,2.334247142
2026-11-25,Plant_C,3.25885,2.568761428
2026-11-26,Plant_C,2.64798,2.654064285
2026-11-27,Plant_C,3.11688,2.627511428
2026-11-28,Plant_C,1.68599,2.657455714
2026-11-29,Plant_C,2.79955,2.769055714
2026-11-30,Plant_C,2.58621,2.769275714
2026-12-01,Plant_C,2.85714,2.707514285
2026-12-02,Plant_C,2.57310,2.609550000
2026-12-03,Plant_C,1.97368,2.513221428
2026-12-04,Plant_C,2.64624,2.445987142
2026-12-05,Plant_C,3.55769,2.713372857
2026-12-06,Plant_C,2.61484,2.686985714
2026-12-07,Plant_C,2.34375,2.652348571
2026-12-08,Plant_C,2.88248,2.655968571
2026-12-09,Plant_C,2.03252,2.578742857
2026-12-10,Plant_C,2.23642,2.616277142
2026-12-11,Plant_C,1.86335,2.504435714
2026-12-12,Plant_C,1.71265,2.240858571
2026-12-13,Plant_C,2.55474,2.232272857
2026-12-14,Plant_C,1.39573,2.096841428
2026-12-15,Plant_C,2.72401,2.074202857
2026-12-16,Plant_C,2.69122,2.168302857
2026-12-17,Plant_C,1.91847,2.122881428
2026-12-18,Plant_C,2.48190,2.211245714
2026-12-19,Plant_C,1.36635,2.161774285
2026-12-20,Plant_C,2.80797,2.197950000
2026-12-21,Plant_C,2.38450,2.339202857
2026-12-22,Plant_C,3.07414,2.389221428
2026-12-23,Plant_C,2.25989,2.327602857
2026-12-24,Plant_C,1.72018,2.299275714
2026-12-25,Plant_C,2.17742,2.255778571
2026-12-26,Plant_C,2.87310,2.471028571
2026-12-27,Plant_C,3.01109,2.500045714
2026-12-28,Plant_C,2.57732,2.527591428
2026-12-29,Plant_C,3.03030,2.521328571
2026-12-30,Plant_C,2.31911,2.529788571
2026-12-31,Plant_C,2.50000,2.641191428
2027-01-01,Plant_C,2.02232,2.619034285
2027-01-02,Plant_C,2.63789,2.585432857
2027-01-03,Plant_C,2.14067,2.461087142
2027-01-04,Plant_C,3.04926,2.528507142
2027-01-05,Plant_C,2.38636,2.436515714
2027-01-06,Plant_C,2.25670,2.427600000
2027-01-07,Plant_C,2.31707,2.401467142
2027-01-08,Plant_C,2.25023,2.434025714
2027-01-09,Plant_C,1.74672,2.306715714
2027-01-10,Plant_C,2.33415,2.334355714
2027-01-11,Plant_C,3.95683,2.464008571
2027-01-12,Plant_C,2.27066,2.447480000
2027-01-13,Plant_C,2.69187,2.509647142
2027-01-14,Plant_C,2.30263,2.507584285
2027-01-15,Plant_C,2.44919,2.536007142
2027-01-16,Plant_C,1.84502,2.550050000
2027-01-17,Plant_C,3.10078,2.659568571
2027-01-18,Plant_C,2.71399,2.482020000
2027-01-19,Plant_C,1.96078,2.437751428
2027-01-20,Plant_C,1.50987,2.268894285
2027-01-21,Plant_C,1.63488,2.173501428
2027-01-22,Plant_C,1.81504,2.082908571
2027-01-23,Plant_C,3.08333,2.259810000
2027-01-24,Plant_C,2.14669,2.123511428
2027-01-25,Plant_C,3.39751,2.221157142
2027-01-26,Plant_C,1.56495,2.164610000
2027-01-27,Plant_C,2.76775,2.344307142
2027-01-28,Plant_C,3.53698,2.616035714
2027-01-29,Plant_C,1.84049,2.619671428
2027-01-30,Plant_C,2.07156,2.475132857
2027-01-31,Plant_C,2.23979,2.488432857
2027-02-01,Plant_C,3.12849,2.450001428
2027-02-02,Plant_C,1.87463,2.494241428
2027-02-03,Plant_C,1.72745,2.345627142
2027-02-04,Plant_C,2.59319,2.210800000
2027-02-05,Plant_C,3.03843,2.381934285
2027-02-06,Plant_C,2.96392,2.509414285
2027-02-07,Plant_C,2.70775,2.576265714
2027-02-08,Plant_C,2.25225,2.451088571
2027-02-09,Plant_C,1.85430,2.448184285
2027-02-10,Plant_C,2.25127,2.523015714
2027-02-11,Plant_C,1.95918,2.432442857
2027-02-12,Plant_C,3.54391,2.504654285
2027-02-13,Plant_C,1.89107,2.351390000
2027-02-14,Plant_C,1.36719,2.159881428
2027-02-15,Plant_C,2.71186,2.225540000
2027-02-16,Plant_C,2.38550,2.301425714
2027-02-17,Plant_C,1.87406,2.247538571
2027-02-18,Plant_C,1.86667,2.234322857
2027-02-19,Plant_C,1.87713,1.996211428
2027-02-20,Plant_C,3.56671,2.235588571
2027-02-21,Plant_C,1.66297,2.277842857
2027-02-22,Plant_C,2.54925,2.254612857
2027-02-23,Plant_C,2.20472,2.228787142
2027-02-24,Plant_C,1.73103,2.208354285
2027-02-25,Plant_C,2.85326,2.349295714
2027-02-26,Plant_C,1.81159,2.339932857
2027-02-27,Plant_C,3.35196,2.309254285
2027-02-28,Plant_C,2.36014,2.408850000
2027-03-01,Plant_C,2.50000,2.401814285
2027-03-02,Plant_C,2.37037,2.425478571
2027-03-03,Plant_C,2.02966,2.468140000
2027-03-04,Plant_C,2.13675,2.365781428
2027-03-05,Plant_C,2.45211,2.457284285
2027-03-06,Plant_C,3.10142,2.421492857
2027-03-07,Plant_C,2.56410,2.450630000
2027-03-08,Plant_C,1.45228,2.300955714
2027-03-09,Plant_C,2.08835,2.260667142
2027-03-10,Plant_C,1.98939,2.254914285
2027-03-11,Plant_C,3.08465,2.390328571
2027-03-12,Plant_C,2.08877,2.338422857
2027-03-13,Plant_C,2.28938,2.222417142
2027-03-14,Plant_C,1.39186,2.054954285
2027-03-15,Plant_C,2.60181,2.219172857
2027-03-16,Plant_C,2.49332,2.277025714
2027-03-17,Plant_C,2.95455,2.414905714
2027-03-18,Plant_C,2.28908,2.301252857
2027-03-19,Plant_C,2.41851,2.348358571
2027-03-20,Plant_C,1.73184,2.268710000
2027-03-21,Plant_C,1.78433,2.324777142
2027-03-22,Plant_C,2.95082,2.374635714
2027-03-23,Plant_C,0.89463,2.146251428
2027-03-24,Plant_C,2.96128,2.147212857
2027-03-25,Plant_C,2.30415,2.149365714
2027-03-26,Plant_C,2.62726,2.179187142
2027-03-27,Plant_C,3.04243,2.366414285
2027-03-28,Plant_C,1.47783,2.322628571
2027-03-29,Plant_C,3.76532,2.438985714
2027-03-30,Plant_C,2.01776,2.599432857
2027-03-31,Plant_C,1.17371,2.344065714
2027-04-01,Plant_C,2.32181,2.346588571
2027-04-02,Plant_C,1.91205,2.244415714
2027-04-03,Plant_C,3.21637,2.269264285
2027-04-04,Plant_C,2.24475,2.378824285
2027-04-05,Plant_C,2.61593,2.214625714
2027-04-06,Plant_C,2.47219,2.279544285
2027-04-07,Plant_C,1.73611,2.359887142
2027-04-08,Plant_C,2.65340,2.407257142
2027-04-09,Plant_C,1.50150,2.348607142
2027-04-10,Plant_C,2.90323,2.303872857
2027-04-11,Plant_C,2.97841,2.408681428
2027-04-12,Plant_C,2.04082,2.326522857
2027-04-13,Plant_C,2.75665,2.367160000
2027-04-14,Plant_C,1.78218,2.373741428
